example_id,method,degradation_type,mse,mae,psnr,ssim_simple,edge_similarity,masked_mae,outside_mask_mae,input_mae,input_psnr,high_frequency_ratio
example_00001,unchanged,scratch_dust,0.005803997628390789,0.0343012809753418,22.362727736941576,0.9394001796045058,0.4640911342248638,0.1739673614501953,0.01894472725689411,0.0343012809753418,22.362727736941576,2.2822970233491975
example_00001,median,scratch_dust,0.004911739379167557,0.027285825461149216,23.08764685269214,0.9476741973649602,0.372818614489688,0.15942396223545074,0.012756986543536186,0.0343012809753418,22.362727736941576,1.2498145288222133
example_00001,inpaint_or_denoise,scratch_dust,0.0008283116039820015,0.019952990114688873,30.818062544806843,0.9911912080208359,0.6082064857710126,0.02912302315235138,0.01894472725689411,0.0343012809753418,22.362727736941576,1.8522177493152403
example_00001,nl_means_denoise,scratch_dust,0.005445357412099838,0.02579513192176819,22.639736095705523,0.9428898499781815,0.4700899947061937,0.17216001451015472,0.009702036157250404,0.0343012809753418,22.362727736941576,1.411211758008204
example_00002,unchanged,grain,0.004915275610983372,0.05612386018037796,23.0845212524317,0.9500409798810732,0.14889671796773596,0.05612386018037796,nan,0.05612386018037796,23.0845212524317,4.483402607577567
example_00002,median,grain,0.0013648306485265493,0.02785811945796013,28.649212335853242,0.9854615527449266,0.3935103244837758,0.02785811945796013,nan,0.05612386018037796,23.0845212524317,1.507782157228781
example_00002,inpaint_or_denoise,grain,0.004801311530172825,0.055408671498298645,23.18640114183799,0.9511442199789675,0.15191070752932273,0.055408671498298645,nan,0.05612386018037796,23.0845212524317,4.421812313915518
example_00002,nl_means_denoise,grain,0.004801311530172825,0.055408671498298645,23.18640114183799,0.9511442199789675,0.15191070752932273,0.055408671498298645,nan,0.05612386018037796,23.0845212524317,4.421812313915518
example_00003,unchanged,blur_contrast,0.011004287749528885,0.10120347142219543,19.58438061830276,0.9045667257941838,0.42955589586523735,0.10120347142219543,nan,0.10120347142219543,19.58438061830276,0.3419987663810808
example_00003,median,blur_contrast,0.011102377437055111,0.1016453206539154,19.54584012453269,0.9028023870747839,0.38163884673748105,0.1016453206539154,nan,0.10120347142219543,19.58438061830276,0.3226089871941945
example_00003,inpaint_or_denoise,blur_contrast,0.011144692078232765,0.1014212965965271,19.529319263377836,0.9013248578442715,0.35575485799701045,0.1014212965965271,nan,0.10120347142219543,19.58438061830276,0.2736972820664986
example_00003,nl_means_denoise,blur_contrast,0.011144692078232765,0.1014212965965271,19.529319263377836,0.9013248578442715,0.35575485799701045,0.1014212965965271,nan,0.10120347142219543,19.58438061830276,0.2736972820664986
example_00004,unchanged,scratch_dust,0.010217301547527313,0.04143688827753067,19.906637889137325,0.7636708740390905,0.32961309523809523,0.2230551838874817,0.018867017701268196,0.04143688827753067,19.906637889137325,3.7759537349214685
example_00004,median,scratch_dust,0.007288138847798109,0.031183699145913124,21.37383362124776,0.8170569964068586,0.27157561361836896,0.19673888385295868,0.010610004886984825,0.04143688827753067,19.906637889137325,1.9900868076421088
example_00004,inpaint_or_denoise,scratch_dust,0.001175477635115385,0.020537491887807846,29.29785629438554,0.9652364269063656,0.5459183673469388,0.033979710191488266,0.018867017701268196,0.04143688827753067,19.906637889137325,2.6679275597922687
example_00004,nl_means_denoise,scratch_dust,0.00983375497162342,0.030724380165338516,20.072806172577362,0.7695038902114931,0.321875,0.22228646278381348,0.006918785162270069,0.04143688827753067,19.906637889137325,2.0916154560616698
example_00005,unchanged,grain,0.004930947441607714,0.0563349686563015,23.070696265383,0.8725014558121225,0.08346364347146208,0.0563349686563015,nan,0.0563349686563015,23.070696265383,7.452312199668119
example_00005,median,grain,0.001140289707109332,0.025995710864663124,29.429847958436767,0.966517970925529,0.358739837398374,0.025995710864663124,nan,0.0563349686563015,23.070696265383,2.2812582363942675
example_00005,inpaint_or_denoise,grain,0.0047912257723510265,0.055425189435482025,23.19553363816039,0.8756618981059026,0.08579465541490858,0.055425189435482025,nan,0.0563349686563015,23.070696265383,7.3347244273795145
example_00005,nl_means_denoise,grain,0.0047912257723510265,0.055425189435482025,23.19553363816039,0.8756618981059026,0.08579465541490858,0.055425189435482025,nan,0.0563349686563015,23.070696265383,7.3347244273795145
example_00006,unchanged,blur_contrast,0.009140907786786556,0.09315019100904465,20.390106721857414,0.866808737727721,0.28343023255813954,0.09315019100904465,nan,0.09315019100904465,20.390106721857414,0.27131420697623915
example_00006,median,blur_contrast,0.009212899953126907,0.09338332712650299,20.356036450036463,0.86280737277359,0.2586705202312139,0.09338332712650299,nan,0.09315019100904465,20.390106721857414,0.2621980175460237
example_00006,inpaint_or_denoise,blur_contrast,0.009238097816705704,0.09312457591295242,20.34417443579987,0.8582419212810002,0.2581560283687943,0.09312457591295242,nan,0.09315019100904465,20.390106721857414,0.22071561549190646
example_00006,nl_means_denoise,blur_contrast,0.009238097816705704,0.09312457591295242,20.34417443579987,0.8582419212810002,0.2581560283687943,0.09312457591295242,nan,0.09315019100904465,20.390106721857414,0.22071561549190646
example_00007,unchanged,scratch_dust,0.006407722365111113,0.03592552989721298,21.9329631370165,0.9047278509627517,0.4523318200577796,0.17677122354507446,0.018963947892189026,0.03592552989721298,21.9329631370165,2.3925663225183564
example_00007,median,scratch_dust,0.005216066259890795,0.029275331646203995,22.826569003815482,0.9199373479150871,0.30343926861123205,0.15846164524555206,0.01371784694492817,0.03592552989721298,21.9329631370165,1.1789805491161678
example_00007,inpaint_or_denoise,scratch_dust,0.0008303277427330613,0.020399145781993866,30.807504512799312,0.9873626593628436,0.541042849767682,0.03231675550341606,0.018963947892189026,0.03592552989721298,21.9329631370165,1.883853602426228
example_00007,nl_means_denoise,scratch_dust,0.0060446858406066895,0.027242742478847504,22.186262657273478,0.9093258988334542,0.4346305203323131,0.17453542351722717,0.009504768997430801,0.03592552989721298,21.9329631370165,1.4063415588047024
example_00008,unchanged,grain,0.004902558866888285,0.05600322410464287,23.09577182889906,0.9301939147315008,0.15939086294416244,0.05600322410464287,nan,0.05600322410464287,23.09577182889906,4.755720835822542
example_00008,median,grain,0.0013479716144502163,0.02810680866241455,28.70319253065858,0.9794306606629535,0.26333615580016934,0.02810680866241455,nan,0.05600322410464287,23.09577182889906,1.4798917633583692
example_00008,inpaint_or_denoise,grain,0.0047744568437337875,0.05515974387526512,23.210760278889207,0.9318935867762318,0.16365531619179985,0.05515974387526512,nan,0.05600322410464287,23.09577182889906,4.685416452635372
example_00008,nl_means_denoise,grain,0.0047744568437337875,0.05515974387526512,23.210760278889207,0.9318935867762318,0.16365531619179985,0.05515974387526512,nan,0.05600322410464287,23.09577182889906,4.685416452635372
example_00009,unchanged,blur_contrast,0.011384101584553719,0.10178367048501968,19.437012375360098,0.9030640728111887,0.3142677561282212,0.10178367048501968,nan,0.10178367048501968,19.437012375360098,0.38959070602835993
example_00009,median,blur_contrast,0.01149558462202549,0.1022958904504776,19.394689372556495,0.8995683343262489,0.21140731556106634,0.1022958904504776,nan,0.10178367048501968,19.437012375360098,0.3275410650040295
example_00009,inpaint_or_denoise,blur_contrast,0.011577018536627293,0.10228727012872696,19.364032713346212,0.8951969677546966,0.1610062893081761,0.10228727012872696,nan,0.10178367048501968,19.437012375360098,0.22542520697071414
example_00009,nl_means_denoise,blur_contrast,0.011577018536627293,0.10228727012872696,19.364032713346212,0.8951969677546966,0.1610062893081761,0.10228727012872696,nan,0.10178367048501968,19.437012375360098,0.22542520697071414
example_00010,unchanged,scratch_dust,0.00591413676738739,0.038479432463645935,22.281086364154397,0.962247560844001,0.30060120240480964,0.14497610926628113,0.018931066617369652,0.038479432463645935,22.281086364154397,2.3735014714262213
example_00010,median,scratch_dust,0.004364501219242811,0.0321047306060791,23.600653808490712,0.9717935843156777,0.20064724919093851,0.12901359796524048,0.014316288754343987,0.038479432463645935,22.281086364154397,1.2234211332822493
example_00010,inpaint_or_denoise,scratch_dust,0.0009055720875039697,0.020549219101667404,30.43076972231138,0.994474524342245,0.4756258234519104,0.02936469204723835,0.018931066617369652,0.038479432463645935,22.281086364154397,1.6473752392906211
example_00010,nl_means_denoise,scratch_dust,0.005607827566564083,0.03328569978475571,22.5120534882903,0.9640471719751746,0.26490984743411927,0.14319513738155365,0.013110894709825516,0.038479432463645935,22.281086364154397,1.4799649603352303
example_00011,unchanged,grain,0.0046762740239501,0.05473154038190842,23.301000476379702,0.9720411917762611,0.1225410575708356,0.05473154038190842,nan,0.05473154038190842,23.301000476379702,4.2730460273826765
example_00011,median,grain,0.0011940400581806898,0.026638133451342583,29.229811030600807,0.9927055057632842,0.285558583106267,0.026638133451342583,nan,0.05473154038190842,23.301000476379702,1.3442508536170998
example_00011,inpaint_or_denoise,grain,0.004465313628315926,0.05299742519855499,23.50148032349118,0.9732736260682313,0.12878787878787878,0.05299742519855499,nan,0.05473154038190842,23.301000476379702,4.141567592294698
example_00011,nl_means_denoise,grain,0.004465313628315926,0.05299742519855499,23.50148032349118,0.9732736260682313,0.12878787878787878,0.05299742519855499,nan,0.05473154038190842,23.301000476379702,4.141567592294698
example_00012,unchanged,blur_contrast,0.007300382014364004,0.0803823471069336,21.36654413524827,0.9445882406225073,0.1744518589132507,0.0803823471069336,nan,0.0803823471069336,21.36654413524827,0.3991403359430973
example_00012,median,blur_contrast,0.007427213713526726,0.08075453341007233,21.291740793468218,0.9435370248397328,0.15174363807728558,0.08075453341007233,nan,0.0803823471069336,21.36654413524827,0.34237867056909416
example_00012,inpaint_or_denoise,blur_contrast,0.007709319703280926,0.08086632192134857,21.129839438876274,0.9414128562455898,0.13516068052930058,0.08086632192134857,nan,0.0803823471069336,21.36654413524827,0.21674508254757913
example_00012,nl_means_denoise,blur_contrast,0.007709319703280926,0.08086632192134857,21.129839438876274,0.9414128562455898,0.13516068052930058,0.08086632192134857,nan,0.0803823471069336,21.36654413524827,0.21674508254757913
example_00013,unchanged,scratch_dust,0.0028420034795999527,0.026264265179634094,25.463753946808456,0.9757817653103807,0.635326650535776,0.1423480063676834,0.019087083637714386,0.026264265179634094,25.463753946808456,1.5133557742459978
example_00013,median,scratch_dust,0.002888825722038746,0.024612007662653923,25.39278657615792,0.9749306485473698,0.49548899314326955,0.13027501106262207,0.018079116940498352,0.026264265179634094,25.463753946808456,0.8521681941944769
example_00013,inpaint_or_denoise,scratch_dust,0.0010296362452208996,0.021158136427402496,29.873161778146546,0.9911801372637592,0.6938234179613489,0.05465531721711159,0.019087083637714386,0.026264265179634094,25.463753946808456,1.3669658438038514
example_00013,nl_means_denoise,scratch_dust,0.002561417408287525,0.01965523511171341,25.915196431853616,0.9781092445031703,0.656,0.14035844802856445,0.012192443944513798,0.026264265179634094,25.463753946808456,1.1180317417089185
example_00014,unchanged,grain,0.0047385310754179955,0.055408671498298645,23.243562669145934,0.960820540720571,0.2640964673913043,0.055408671498298645,nan,0.055408671498298645,23.243562669145934,2.6414526086900576
example_00014,median,grain,0.0019641690887510777,0.032194968312978745,27.068211279795186,0.9829315398982718,0.41128770677911125,0.032194968312978745,nan,0.055408671498298645,23.243562669145934,1.0204052503998369
example_00014,inpaint_or_denoise,grain,0.0046113040298223495,0.05450008809566498,23.361762431847687,0.9618336788929915,0.27483209614704845,0.05450008809566498,nan,0.055408671498298645,23.243562669145934,2.603967087305251
example_00014,nl_means_denoise,grain,0.0046113040298223495,0.05450008809566498,23.361762431847687,0.9618336788929915,0.27483209614704845,0.05450008809566498,nan,0.055408671498298645,23.243562669145934,2.603967087305251
example_00015,unchanged,blur_contrast,0.011222204193472862,0.10041767358779907,19.49921833360978,0.9072005777734686,0.5322175732217573,0.10041767358779907,nan,0.10041767358779907,19.49921833360978,0.42012597598839957
example_00015,median,blur_contrast,0.01164353359490633,0.10208214074373245,19.339151994214248,0.9018795105288799,0.44038929440389296,0.10208214074373245,nan,0.10041767358779907,19.49921833360978,0.36482377992556037
example_00015,inpaint_or_denoise,blur_contrast,0.011465393006801605,0.10077191889286041,19.406110540818847,0.9033017416449008,0.43545039435450394,0.10077191889286041,nan,0.10041767358779907,19.49921833360978,0.34114780896894026
example_00015,nl_means_denoise,blur_contrast,0.011465393006801605,0.10077191889286041,19.406110540818847,0.9033017416449008,0.43545039435450394,0.10077191889286041,nan,0.10041767358779907,19.49921833360978,0.34114780896894026
example_00016,unchanged,scratch_dust,0.008412793278694153,0.03826545178890228,20.750597825482473,0.9146090032252017,0.4305498981670061,0.18624962866306305,0.01894540898501873,0.03826545178890228,20.750597825482473,1.823594329211353
example_00016,median,scratch_dust,0.007982137612998486,0.033666275441646576,20.978807891991135,0.917325187497506,0.38630923887027285,0.1779525727033615,0.014829007908701897,0.03826545178890228,20.750597825482473,0.9922408670307592
example_00016,inpaint_or_denoise,scratch_dust,0.0018132919212803245,0.023703182116150856,27.41532273347664,0.98104952774791,0.4862879529872674,0.060145922005176544,0.01894540898501873,0.03826545178890228,20.750597825482473,1.4881252886179033
example_00016,nl_means_denoise,scratch_dust,0.008148469030857086,0.03293098136782646,20.889239806966053,0.9167749211900352,0.4675751879699248,0.18485471606254578,0.013096611015498638,0.03826545178890228,20.750597825482473,1.1522543052609588
example_00017,unchanged,grain,0.004806288052350283,0.05559632182121277,23.181902044440218,0.9525750778559023,0.1670194003527337,0.05559632182121277,nan,0.05559632182121277,23.181902044440218,3.49888646923145
example_00017,median,grain,0.0014205408515408635,0.028630753979086876,28.475462724347675,0.9852667395432405,0.34490634993147556,0.028630753979086876,nan,0.05559632182121277,23.181902044440218,1.218560772770485
example_00017,inpaint_or_denoise,grain,0.004692941438406706,0.0547686405479908,23.28554865164344,0.9536467079504654,0.1714027149321267,0.0547686405479908,nan,0.05559632182121277,23.181902044440218,3.449663773312951
example_00017,nl_means_denoise,grain,0.004692941438406706,0.0547686405479908,23.28554865164344,0.9536467079504654,0.1714027149321267,0.0547686405479908,nan,0.05559632182121277,23.181902044440218,3.449663773312951
example_00018,unchanged,blur_contrast,0.008567862212657928,0.08749737590551376,20.671275263922965,0.9152961566250215,0.3346456692913386,0.08749737590551376,nan,0.08749737590551376,20.671275263922965,0.32410341055298436
example_00018,median,blur_contrast,0.008711498230695724,0.08804740756750107,20.59907147246281,0.9128409009158054,0.278580814717477,0.08804740756750107,nan,0.08749737590551376,20.671275263922965,0.3033095555329444
example_00018,inpaint_or_denoise,blur_contrast,0.0089323865249753,0.08800911158323288,20.490324922696693,0.9093472018406089,0.26653696498054474,0.08800911158323288,nan,0.08749737590551376,20.671275263922965,0.2361196989884601
example_00018,nl_means_denoise,blur_contrast,0.0089323865249753,0.08800911158323288,20.490324922696693,0.9093472018406089,0.26653696498054474,0.08800911158323288,nan,0.08749737590551376,20.671275263922965,0.2361196989884601
example_00019,unchanged,scratch_dust,0.010683992877602577,0.04393238574266434,19.712664101694713,0.8449584886419425,0.33179487179487177,0.18086183071136475,0.018633758649230003,0.04393238574266434,19.712664101694713,3.1608247479996234
example_00019,median,scratch_dust,0.009682388976216316,0.03675968199968338,20.140174741810796,0.856112060219903,0.266705069124424,0.17123056948184967,0.011915285140275955,0.04393238574266434,19.712664101694713,1.7554703828324831
example_00019,inpaint_or_denoise,scratch_dust,0.0012808419996872544,0.020280905067920685,28.92504440041475,0.9792416086138843,0.5317115551694179,0.0291961170732975,0.018633758649230003,0.04393238574266434,19.712664101694713,2.0531739359553893
example_00019,nl_means_denoise,scratch_dust,0.010304905474185944,0.035588279366493225,19.86955987604101,0.8493394895036752,0.3166023166023166,0.1775633990764618,0.009357430972158909,0.04393238574266434,19.712664101694713,2.046779363112061
example_00020,unchanged,grain,0.004679005593061447,0.05507764592766762,23.298464356724764,0.9291215057027686,0.1116931711880262,0.05507764592766762,nan,0.05507764592766762,23.298464356724764,5.5234233372025745
example_00020,median,grain,0.001212197239510715,0.026213523000478745,29.164267093266925,0.9802984199065589,0.3550036523009496,0.026213523000478745,nan,0.05507764592766762,23.298464356724764,1.7212859753048964
example_00020,inpaint_or_denoise,grain,0.004461904987692833,0.05362381041049957,23.504796818693134,0.9321867649295734,0.11785573512022074,0.05362381041049957,nan,0.05507764592766762,23.298464356724764,5.381885756652401
example_00020,nl_means_denoise,grain,0.004461904987692833,0.05362381041049957,23.504796818693134,0.9321867649295734,0.11785573512022074,0.05362381041049957,nan,0.05507764592766762,23.298464356724764,5.381885756652401
example_00021,unchanged,blur_contrast,0.013621348887681961,0.11376570165157318,18.657798832110338,0.8636615372848226,0.3953732912723449,0.11376570165157318,nan,0.11376570165157318,18.657798832110338,0.32128563775563895
example_00021,median,blur_contrast,0.013697203248739243,0.11404456198215485,18.6336809982416,0.8614883983908195,0.3260416666666667,0.11404456198215485,nan,0.11376570165157318,18.657798832110338,0.30147844589144973
example_00021,inpaint_or_denoise,blur_contrast,0.013696293346583843,0.11345478892326355,18.63396950867979,0.8588042264742607,0.27615062761506276,0.11345478892326355,nan,0.11376570165157318,18.657798832110338,0.22911354402496117
example_00021,nl_means_denoise,blur_contrast,0.013696293346583843,0.11345478892326355,18.63396950867979,0.8588042264742607,0.27615062761506276,0.11345478892326355,nan,0.11376570165157318,18.657798832110338,0.22911354402496117
example_00022,unchanged,scratch_dust,0.003471375908702612,0.02705508843064308,24.594983548576476,0.9842530658160138,0.4159351789331533,0.1113385483622551,0.018128950148820877,0.02705508843064308,24.594983548576476,2.403745862194268
example_00022,median,scratch_dust,0.0027367505244910717,0.020040353760123253,25.627647900122437,0.9875598965927838,0.3097418817651957,0.09604468196630478,0.011991026811301708,0.02705508843064308,24.594983548576476,1.16319737672989
example_00022,inpaint_or_denoise,scratch_dust,0.0007933772867545485,0.019085094332695007,31.005202369074492,0.9964236915425757,0.5798994974874372,0.02811332419514656,0.018128950148820877,0.02705508843064308,24.594983548576476,1.9553270954225008
example_00022,nl_means_denoise,scratch_dust,0.003143653739243746,0.019633453339338303,25.025652957806145,0.9857461933819548,0.4052718286655684,0.10269060730934143,0.010837187059223652,0.02705508843064308,24.594983548576476,1.1785778592205909
example_00023,unchanged,grain,0.004490484017878771,0.052501481026411057,23.477068449733622,0.9798418663536086,0.11665626949469744,0.052501481026411057,nan,0.052501481026411057,23.477068449733622,4.865083531415442
example_00023,median,grain,0.00122238346375525,0.025670189410448074,29.127925338079976,0.9944925983206255,0.3322005097706032,0.025670189410448074,nan,0.052501481026411057,23.477068449733622,1.5406277545368683
example_00023,inpaint_or_denoise,grain,0.004073843359947205,0.04997725784778595,23.899956737203418,0.981720732487761,0.12635135135135134,0.04997725784778595,nan,0.052501481026411057,23.477068449733622,4.460921760193666
example_00023,nl_means_denoise,grain,0.004073843359947205,0.04997725784778595,23.899956737203418,0.981720732487761,0.12635135135135134,0.04997725784778595,nan,0.052501481026411057,23.477068449733622,4.460921760193666
example_00024,unchanged,blur_contrast,0.010706359520554543,0.10073553025722504,19.703581770583803,0.9406756576199519,0.4047058823529412,0.10073553025722504,nan,0.10073553025722504,19.703581770583803,0.4223926163105174
example_00024,median,blur_contrast,0.010788942687213421,0.10090212523937225,19.670211139462012,0.9401110545507971,0.35267349260523323,0.10090212523937225,nan,0.10073553025722504,19.703581770583803,0.3617744869157121
example_00024,inpaint_or_denoise,blur_contrast,0.010774247348308563,0.10017736256122589,19.67613058419501,0.9402545460762893,0.32391048292108365,0.10017736256122589,nan,0.10073553025722504,19.703581770583803,0.2819881094579814
example_00024,nl_means_denoise,blur_contrast,0.010774247348308563,0.10017736256122589,19.67613058419501,0.9402545460762893,0.32391048292108365,0.10017736256122589,nan,0.10073553025722504,19.703581770583803,0.2819881094579814
example_00025,unchanged,scratch_dust,0.00885595753788948,0.03793897479772568,20.52764474458207,0.954734953107047,0.5498988536749831,0.22104902565479279,0.018792228773236275,0.03793897479772568,20.52764474458207,1.5923932332942972
example_00025,median,scratch_dust,0.009016231633722782,0.03678122162818909,20.44974939469114,0.9534854559800473,0.41876750700280113,0.2161439210176468,0.018026312813162804,0.03793897479772568,20.52764474458207,0.8898776117371797
example_00025,inpaint_or_denoise,scratch_dust,0.0011378568597137928,0.021621763706207275,29.439123679465688,0.9942179141890227,0.5876993166287016,0.04868206009268761,0.018792228773236275,0.03793897479772568,20.52764474458207,1.3810953100175314
example_00025,nl_means_denoise,scratch_dust,0.008606623858213425,0.031922586262226105,20.65167176919539,0.955968470968035,0.5633345362684952,0.22060909867286682,0.01219273917376995,0.03793897479772568,20.52764474458207,1.1687657824802193
example_00026,unchanged,grain,0.004542797338217497,0.05425474792718887,23.426766373559772,0.9772950057551288,0.24408360684055969,0.05425474792718887,nan,0.05425474792718887,23.426766373559772,2.839450296107932
example_00026,median,grain,0.0018858995754271746,0.03124425560235977,27.244814372609536,0.9903641442622084,0.35751805646749835,0.03124425560235977,nan,0.05425474792718887,23.426766373559772,1.04862912366038
example_00026,inpaint_or_denoise,grain,0.004333463963121176,0.05266520380973816,23.631648106572214,0.9783225375090345,0.2555615843733044,0.05266520380973816,nan,0.05425474792718887,23.426766373559772,2.757884006816542
example_00026,nl_means_denoise,grain,0.004333463963121176,0.05266520380973816,23.631648106572214,0.9783225375090345,0.2555615843733044,0.05266520380973816,nan,0.05425474792718887,23.426766373559772,2.757884006816542
example_00027,unchanged,blur_contrast,0.010846046730875969,0.09369519352912903,19.64728528711384,0.9262037919986016,0.24333619948409285,0.09369519352912903,nan,0.09369519352912903,19.64728528711384,0.21483545129811932
example_00027,median,blur_contrast,0.01104230061173439,0.09432157874107361,19.569404339536828,0.9248194845197215,0.22041862451943614,0.09432157874107361,nan,0.09369519352912903,19.64728528711384,0.2070246491782131
example_00027,inpaint_or_denoise,blur_contrast,0.011244982481002808,0.09469041973352432,19.490412168321495,0.9234563206797207,0.18161925601750548,0.09469041973352432,nan,0.09369519352912903,19.64728528711384,0.17422510460708468
example_00027,nl_means_denoise,blur_contrast,0.011244982481002808,0.09469041973352432,19.490412168321495,0.9234563206797207,0.18161925601750548,0.09469041973352432,nan,0.09369519352912903,19.64728528711384,0.17422510460708468
example_00028,unchanged,scratch_dust,0.0026259440928697586,0.025612983852624893,25.807145244067172,0.9890830394561174,0.3941236068895643,0.13052013516426086,0.018319683149456978,0.025612983852624893,25.807145244067172,2.948382007641829
example_00028,median,scratch_dust,0.0020732120610773563,0.017261937260627747,26.833562732821953,0.9913785115131692,0.38584779706275035,0.11313265562057495,0.010596862994134426,0.025612983852624893,25.807145244067172,1.2908815783166836
example_00028,inpaint_or_denoise,scratch_dust,0.0005930261686444283,0.018347885459661484,32.26926141969432,0.9975677225093588,0.6415410385259631,0.018753565847873688,0.018319683149456978,0.025612983852624893,25.807145244067172,2.6095899016377206
example_00028,nl_means_denoise,scratch_dust,0.0021885710302740335,0.015688907355070114,26.59839353754789,0.9909151111177735,0.4674479166666667,0.11906103789806366,0.008502321317791939,0.025612983852624893,25.807145244067172,1.1477277827808396
example_00029,unchanged,grain,0.00445540202781558,0.05299527198076248,23.51113101821427,0.9818106353197655,0.07312851579402856,0.05299527198076248,nan,0.05299527198076248,23.51113101821427,6.7296810804582305
example_00029,median,grain,0.0010848423698917031,0.024890854954719543,29.646333612251464,0.995543741781959,0.3527180783817952,0.024890854954719543,nan,0.05299527198076248,23.51113101821427,2.148414258610231
example_00029,inpaint_or_denoise,grain,0.004010828677564859,0.04979295656085014,23.96765888498851,0.9836211062086697,0.08166223725537569,0.04979295656085014,nan,0.05299527198076248,23.51113101821427,6.140181119660933
example_00029,nl_means_denoise,grain,0.004010828677564859,0.04979295656085014,23.96765888498851,0.9836211062086697,0.08166223725537569,0.04979295656085014,nan,0.05299527198076248,23.51113101821427,6.140181119660933
example_00030,unchanged,blur_contrast,0.01048231404274702,0.09881927073001862,19.795428332816737,0.9445438289787977,0.5578947368421052,0.09881927073001862,nan,0.09881927073001862,19.795428332816737,0.4426993933580146
example_00030,median,blur_contrast,0.010532930493354797,0.09894660860300064,19.774507817080906,0.9442629937442442,0.49079754601226994,0.09894660860300064,nan,0.09881927073001862,19.795428332816737,0.39611744050474035
example_00030,inpaint_or_denoise,blur_contrast,0.010449077002704144,0.09816893935203552,19.80922070350642,0.9448527964832469,0.5155925155925156,0.09816893935203552,nan,0.09881927073001862,19.795428332816737,0.33000990701499827
example_00030,nl_means_denoise,blur_contrast,0.010449077002704144,0.09816893935203552,19.80922070350642,0.9448527964832469,0.5155925155925156,0.09816893935203552,nan,0.09881927073001862,19.795428332816737,0.33000990701499827
example_00031,unchanged,scratch_dust,0.007754052523523569,0.0373125858604908,21.10471261544027,0.9241147996149377,0.4494828957836118,0.16539615392684937,0.018810437992215157,0.0373125858604908,21.10471261544027,2.12042098806068
example_00031,median,scratch_dust,0.006640545558184385,0.03136417269706726,21.77796239430765,0.9335491249347616,0.3923512747875354,0.14795199036598206,0.01452262420207262,0.0373125858604908,21.10471261544027,1.1189351980527933
example_00031,inpaint_or_denoise,scratch_dust,0.000888441049028188,0.020207183435559273,30.513713837631627,0.9910075704183785,0.5987020010816657,0.029876360669732094,0.018810437992215157,0.0373125858604908,21.10471261544027,1.6499295375136165
example_00031,nl_means_denoise,scratch_dust,0.007354286499321461,0.02922961674630642,21.334594554229973,0.927698879358717,0.48555452003727867,0.15815035998821259,0.010606533847749233,0.0373125858604908,21.10471261544027,1.3447955156206184
example_00032,unchanged,grain,0.004787115380167961,0.05555611848831177,23.199261049253227,0.9537735618496289,0.1697754749568221,0.05555611848831177,nan,0.05555611848831177,23.199261049253227,3.9738279046864267
example_00032,median,grain,0.0014288929523900151,0.028182683512568474,28.450003057980528,0.9855278615591321,0.33260584897424705,0.028182683512568474,nan,0.05555611848831177,23.199261049253227,1.3077708070140082
example_00032,inpaint_or_denoise,grain,0.004658229649066925,0.05468462407588959,23.317791047098737,0.9549628278227235,0.17398230088495575,0.05468462407588959,nan,0.05555611848831177,23.199261049253227,3.9148665590422222
example_00032,nl_means_denoise,grain,0.004658229649066925,0.05468462407588959,23.317791047098737,0.9549628278227235,0.17398230088495575,0.05468462407588959,nan,0.05555611848831177,23.199261049253227,3.9148665590422222
example_00033,unchanged,blur_contrast,0.011813578195869923,0.10221952944993973,19.276185396976768,0.9002344549639785,0.3344155844155844,0.10221952944993973,nan,0.10221952944993973,19.276185396976768,0.3069037061326798
example_00033,median,blur_contrast,0.011936146765947342,0.10264821350574493,19.231358497868563,0.8982341514322743,0.29543994861913936,0.10264821350574493,nan,0.10221952944993973,19.276185396976768,0.2860535521779633
example_00033,inpaint_or_denoise,blur_contrast,0.012077162973582745,0.10277506709098816,19.180350731339733,0.8958249493627247,0.25833333333333336,0.10277506709098816,nan,0.10221952944993973,19.276185396976768,0.22375988226563084
example_00033,nl_means_denoise,blur_contrast,0.012077162973582745,0.10277506709098816,19.180350731339733,0.8958249493627247,0.25833333333333336,0.10277506709098816,nan,0.10221952944993973,19.276185396976768,0.22375988226563084
example_00034,unchanged,scratch_dust,0.008010761812329292,0.03706054762005806,20.96326181149392,0.9390098411694866,0.5161987041036717,0.16847114264965057,0.01897585205733776,0.03706054762005806,20.96326181149392,1.6559253697514884
example_00034,median,scratch_dust,0.0067024556919932365,0.03378762677311897,21.737660483314976,0.9474894665754072,0.41156109380408445,0.15236541628837585,0.017468977719545364,0.03706054762005806,20.96326181149392,0.9570094082441105
example_00034,inpaint_or_denoise,scratch_dust,0.001740841893479228,0.02416800707578659,27.592406705297464,0.9865504503193745,0.5739257101238164,0.06189628317952156,0.01897585205733776,0.03706054762005806,20.96326181149392,1.3133182774939884
example_00034,nl_means_denoise,scratch_dust,0.007710440084338188,0.031040804460644722,21.12920833266145,0.9411135277015593,0.5269217744666441,0.1645851880311966,0.012662457302212715,0.03706054762005806,20.96326181149392,1.2405177559274467
example_00035,unchanged,grain,0.004715689457952976,0.0551350936293602,23.264548022067217,0.9650184783644147,0.24489112227805696,0.0551350936293602,nan,0.0551350936293602,23.264548022067217,2.7431429260280304
example_00035,median,grain,0.0017916570650413632,0.03117220848798752,27.46745113542658,0.9861194329957668,0.38365605513619955,0.03117220848798752,nan,0.0551350936293602,23.264548022067217,1.0358719669722682
example_00035,inpaint_or_denoise,grain,0.004590833559632301,0.05424422025680542,23.381084522663404,0.9659125118320235,0.25259156876295785,0.05424422025680542,nan,0.0551350936293602,23.264548022067217,2.7042784529628427
example_00035,nl_means_denoise,grain,0.004590833559632301,0.05424422025680542,23.381084522663404,0.9659125118320235,0.25259156876295785,0.05424422025680542,nan,0.0551350936293602,23.264548022067217,2.7042784529628427
example_00036,unchanged,blur_contrast,0.007095962297171354,0.07681693136692047,21.48988700698023,0.9326573287701785,0.5038560411311054,0.07681693136692047,nan,0.07681693136692047,21.48988700698023,0.4266607099481413
example_00036,median,blur_contrast,0.007573204580694437,0.07866354286670685,21.207203110921146,0.9275307966463452,0.40995065789473684,0.07866354286670685,nan,0.07681693136692047,21.48988700698023,0.36975672568904844
example_00036,inpaint_or_denoise,blur_contrast,0.007470953278243542,0.0780644416809082,21.266239795678985,0.9283748981307024,0.4269995768091409,0.0780644416809082,nan,0.07681693136692047,21.48988700698023,0.34088865872698393
example_00036,nl_means_denoise,blur_contrast,0.007470953278243542,0.0780644416809082,21.266239795678985,0.9283748981307024,0.4269995768091409,0.0780644416809082,nan,0.07681693136692047,21.48988700698023,0.34088865872698393
example_00037,unchanged,scratch_dust,0.005824752151966095,0.03150012716650963,22.34722549499112,0.9292382930337896,0.5936599423631124,0.1666973978281021,0.01882876455783844,0.03150012716650963,22.34722549499112,1.8555397831028628
example_00037,median,scratch_dust,0.006118483375757933,0.030170993879437447,22.133562156266365,0.9236173604167293,0.33396946564885494,0.15713927149772644,0.01827089674770832,0.03150012716650963,22.34722549499112,0.9122653896553636
example_00037,inpaint_or_denoise,scratch_dust,0.0007818602025508881,0.0191755723208189,31.068708923214924,0.9901602816054043,0.7260843731431966,0.022875819355249405,0.01882876455783844,0.03150012716650963,22.34722549499112,1.5931852003741973
example_00037,nl_means_denoise,scratch_dust,0.005448708310723305,0.02191138081252575,22.637064408450257,0.9334504668591677,0.5929029078363726,0.1607200801372528,0.008901541121304035,0.03150012716650963,22.34722549499112,1.2265706473384206
example_00038,unchanged,grain,0.004697526805102825,0.05526912957429886,23.281307330422255,0.9434659783233704,0.18945102260495156,0.05526912957429886,nan,0.05526912957429886,23.281307330422255,3.3263973654821486
example_00038,median,grain,0.002127192448824644,0.03176604583859444,26.721932173461063,0.972490944452899,0.3433734939759036,0.03176604583859444,nan,0.05526912957429886,23.281307330422255,1.101534895304845
example_00038,inpaint_or_denoise,grain,0.004450407810509205,0.05354171246290207,23.516001908754987,0.9462791513626102,0.19920769666100735,0.05354171246290207,nan,0.05526912957429886,23.281307330422255,3.2349711651598745
example_00038,nl_means_denoise,grain,0.004450407810509205,0.05354171246290207,23.516001908754987,0.9462791513626102,0.19920769666100735,0.05354171246290207,nan,0.05526912957429886,23.281307330422255,3.2349711651598745
example_00039,unchanged,blur_contrast,0.015621078200638294,0.12004634737968445,18.062889934787453,0.8425420900738131,0.20617283950617285,0.12004634737968445,nan,0.12004634737968445,18.062889934787453,0.1750079919545824
example_00039,median,blur_contrast,0.01577901281416416,0.12055425345897675,18.0192017113751,0.8393725935702894,0.18842364532019704,0.12055425345897675,nan,0.12004634737968445,18.062889934787453,0.16635509227764875
example_00039,inpaint_or_denoise,blur_contrast,0.01594136469066143,0.12102505564689636,17.974745027482882,0.8354026523468729,0.1715170278637771,0.12102505564689636,nan,0.12004634737968445,18.062889934787453,0.13870229688664693
example_00039,nl_means_denoise,blur_contrast,0.01594136469066143,0.12102505564689636,17.974745027482882,0.8354026523468729,0.1715170278637771,0.12102505564689636,nan,0.12004634737968445,18.062889934787453,0.13870229688664693
example_00040,unchanged,scratch_dust,0.0067772408947348595,0.035700779408216476,21.689470772351818,0.9312507726703505,0.4962786543614171,0.1602655053138733,0.01901915855705738,0.035700779408216476,21.689470772351818,1.5884572649818676
example_00040,median,scratch_dust,0.006190486252307892,0.03540254384279251,22.082752365372123,0.9355918859999225,0.29817380352644834,0.14921417832374573,0.020160971209406853,0.035700779408216476,21.689470772351818,0.7939886090731509
example_00040,inpaint_or_denoise,scratch_dust,0.0013995987828820944,0.023353727534413338,28.539964438597657,0.9850120329635267,0.5501373626373627,0.055720727890729904,0.01901915855705738,0.035700779408216476,21.689470772351818,1.2916632604302796
example_00040,nl_means_denoise,scratch_dust,0.006529437843710184,0.02965111844241619,21.851242079874208,0.9335052305315797,0.4815764178148029,0.15878604352474213,0.012357460334897041,0.035700779408216476,21.689470772351818,1.1457011230173157
example_00041,unchanged,grain,0.004734470508992672,0.055237777531147,23.247285843230117,0.9520220996075224,0.23941629249518923,0.055237777531147,nan,0.055237777531147,23.247285843230117,2.7132681136860732
example_00041,median,grain,0.0020763957872986794,0.032992731779813766,26.826898609118523,0.977708287021681,0.3088592233009709,0.032992731779813766,nan,0.055237777531147,23.247285843230117,0.8951108292631945
example_00041,inpaint_or_denoise,grain,0.004599941894412041,0.0543007031083107,23.372476542087735,0.9533231719789097,0.244995077125041,0.0543007031083107,nan,0.055237777531147,23.247285843230117,2.6729716360518716
example_00041,nl_means_denoise,grain,0.004599941894412041,0.0543007031083107,23.372476542087735,0.9533231719789097,0.244995077125041,0.0543007031083107,nan,0.055237777531147,23.247285843230117,2.6729716360518716
example_00042,unchanged,blur_contrast,0.009828602895140648,0.09075377136468887,20.075082113696105,0.8974995110087702,0.07457627118644068,0.09075377136468887,nan,0.09075377136468887,20.075082113696105,0.1460150798476427
example_00042,median,blur_contrast,0.009970041923224926,0.09130261093378067,20.013030155111156,0.8953934379995361,0.056716417910447764,0.09130261093378067,nan,0.09075377136468887,20.075082113696105,0.13706103281810963
example_00042,inpaint_or_denoise,blur_contrast,0.010346340015530586,0.09239574521780014,19.85213253315081,0.8895470810935174,0.023003472222222224,0.09239574521780014,nan,0.09075377136468887,20.075082113696105,0.09227641065792544
example_00042,nl_means_denoise,blur_contrast,0.010346340015530586,0.09239574521780014,19.85213253315081,0.8895470810935174,0.023003472222222224,0.09239574521780014,nan,0.09075377136468887,20.075082113696105,0.09227641065792544
example_00043,unchanged,scratch_dust,0.004046867601573467,0.030341412872076035,23.928810038729843,0.9799042085787549,0.49545949872865963,0.14020055532455444,0.0189848393201828,0.030341412872076035,23.928810038729843,1.9257815123690458
example_00043,median,scratch_dust,0.00286959670484066,0.024343453347682953,25.421791350323755,0.9855933260411963,0.3889996014348346,0.11627515405416489,0.014840109273791313,0.030341412872076035,23.928810038729843,1.023809579530841
example_00043,inpaint_or_denoise,scratch_dust,0.0011274557327851653,0.021858004853129387,29.479005007888418,0.9944550148032231,0.6085164835164835,0.04965190961956978,0.0189848393201828,0.030341412872076035,23.928810038729843,1.5373631658578997
example_00043,nl_means_denoise,scratch_dust,0.0037076782900840044,0.02341930940747261,24.308979560007415,0.9815658423343092,0.5140625,0.13676950335502625,0.011701850220561028,0.030341412872076035,23.928810038729843,1.3289652501249132
example_00044,unchanged,grain,0.004717252217233181,0.05519947409629822,23.26310902718838,0.9772809327502926,0.20027224774544836,0.05519947409629822,nan,0.05519947409629822,23.26310902718838,3.414432835279484
example_00044,median,grain,0.0014755255542695522,0.028988586738705635,28.310532646579883,0.9927516440716232,0.35895465026902384,0.028988586738705635,nan,0.05519947409629822,23.26310902718838,1.237179218645601
example_00044,inpaint_or_denoise,grain,0.004552785307168961,0.05402807891368866,23.417228289604722,0.9780619768005362,0.20842925447140073,0.05402807891368866,nan,0.05519947409629822,23.26310902718838,3.332268108912664
example_00044,nl_means_denoise,grain,0.004552785307168961,0.05402807891368866,23.417228289604722,0.9780619768005362,0.20842925447140073,0.05402807891368866,nan,0.05519947409629822,23.26310902718838,3.332268108912664
example_00045,unchanged,blur_contrast,0.00892532430589199,0.0888451635837555,20.493759946330815,0.9425309007515132,0.4868995633187773,0.0888451635837555,nan,0.0888451635837555,20.493759946330815,0.42665426700195297
example_00045,median,blur_contrast,0.00911700539290905,0.08969223499298096,20.401477883055886,0.941283369540058,0.40587309910854746,0.08969223499298096,nan,0.0888451635837555,20.493759946330815,0.38345206431599604
example_00045,inpaint_or_denoise,blur_contrast,0.009224407374858856,0.089700847864151,20.350615256671126,0.9406304746862655,0.3727714748784441,0.089700847864151,nan,0.0888451635837555,20.493759946330815,0.32559042725601545
example_00045,nl_means_denoise,blur_contrast,0.009224407374858856,0.089700847864151,20.350615256671126,0.9406304746862655,0.3727714748784441,0.089700847864151,nan,0.0888451635837555,20.493759946330815,0.32559042725601545
example_00046,unchanged,scratch_dust,0.008320528082549572,0.03954431787133217,20.79849109279084,0.9250274240289686,0.4222314392368312,0.1514754444360733,0.01909404620528221,0.03954431787133217,20.79849109279084,2.022760058436748
example_00046,median,scratch_dust,0.007948309183120728,0.035126812756061554,20.997252475119495,0.9273466089421453,0.33461909353905495,0.1419341266155243,0.015612672083079815,0.03954431787133217,20.79849109279084,1.0261268224215472
example_00046,inpaint_or_denoise,scratch_dust,0.0008262185147032142,0.020146867260336876,30.829050771597885,0.9925701229422657,0.5519630484988453,0.025909312069416046,0.01909404620528221,0.03954431787133217,20.79849109279084,1.5790894762453322
example_00046,nl_means_denoise,scratch_dust,0.007918226532638073,0.03217701613903046,21.013720776700268,0.9282762626564086,0.4457659372026641,0.145034521818161,0.011557488702237606,0.03954431787133217,20.79849109279084,1.2271468887719985
example_00047,unchanged,grain,0.004844728857278824,0.05556856095790863,23.147305238934525,0.95823950828065,0.14851138353765325,0.05556856095790863,nan,0.05556856095790863,23.147305238934525,3.880993068561998
example_00047,median,grain,0.0013982472009956837,0.027967024594545364,28.54416041367385,0.9874283361915139,0.34421052631578947,0.027967024594545364,nan,0.05556856095790863,23.147305238934525,1.2404659506379732
example_00047,inpaint_or_denoise,grain,0.004743593279272318,0.05491584166884422,23.23892554917823,0.9590745547738658,0.14917713678994868,0.05491584166884422,nan,0.05556856095790863,23.147305238934525,3.837508173738297
example_00047,nl_means_denoise,grain,0.004743593279272318,0.05491584166884422,23.23892554917823,0.9590745547738658,0.14917713678994868,0.05491584166884422,nan,0.05556856095790863,23.147305238934525,3.837508173738297
example_00048,unchanged,blur_contrast,0.005431473720818758,0.06578895449638367,22.650823173757676,0.939221871037919,0.43800440205429203,0.06578895449638367,nan,0.06578895449638367,22.650823173757676,0.37410621765327806
example_00048,median,blur_contrast,0.005616489797830582,0.06651587784290314,22.50535025661085,0.9369302899961857,0.33285094066570187,0.06651587784290314,nan,0.06578895449638367,22.650823173757676,0.3176134599867601
example_00048,inpaint_or_denoise,blur_contrast,0.00578349968418479,0.06693737953901291,22.378092837971778,0.9350017465035131,0.2691740412979351,0.06693737953901291,nan,0.06578895449638367,22.650823173757676,0.22819310029235912
example_00048,nl_means_denoise,blur_contrast,0.00578349968418479,0.06693737953901291,22.378092837971778,0.9350017465035131,0.2691740412979351,0.06693737953901291,nan,0.06578895449638367,22.650823173757676,0.22819310029235912
example_00049,unchanged,scratch_dust,0.013079089112579823,0.046706974506378174,18.834225012071155,0.9473137727574361,0.28888888888888886,0.2497745007276535,0.018052926287055016,0.046706974506378174,18.834225012071155,3.0543264825861565
example_00049,median,scratch_dust,0.012532616034150124,0.03987462818622589,19.019582657487945,0.9495002926489569,0.24281984334203655,0.24319340288639069,0.011185129173099995,0.046706974506378174,18.834225012071155,1.6063829850485372
example_00049,inpaint_or_denoise,scratch_dust,0.0013142613461241126,0.019930493086576462,28.813182649940924,0.9947431022727812,0.5533980582524272,0.0332365520298481,0.018052926287055016,0.046706974506378174,18.834225012071155,2.3241842454021
example_00049,nl_means_denoise,scratch_dust,0.01272166334092617,0.039128802716732025,18.954561015367723,0.9488034051796372,0.2907679033649698,0.24586844444274902,0.0099566001445055,0.046706974506378174,18.834225012071155,1.5585856309705222
example_00050,unchanged,grain,0.0044418275356292725,0.05215466022491455,23.524383079619263,0.9822787334666345,0.0783289817232376,0.05215466022491455,nan,0.05215466022491455,23.524383079619263,6.226665533034189
example_00050,median,grain,0.0011069115716964006,0.02485542930662632,29.558870723988306,0.9955751912450926,0.30974477958236657,0.02485542930662632,nan,0.05215466022491455,23.524383079619263,1.971749601197211
example_00050,inpaint_or_denoise,grain,0.003963890019804239,0.04927714914083481,24.018784037464865,0.9841840818040621,0.08530805687203792,0.04927714914083481,nan,0.05215466022491455,23.524383079619263,5.580052666345207
example_00050,nl_means_denoise,grain,0.003963890019804239,0.04927714914083481,24.018784037464865,0.9841840818040621,0.08530805687203792,0.04927714914083481,nan,0.05215466022491455,23.524383079619263,5.580052666345207
example_00051,unchanged,blur_contrast,0.012171882204711437,0.10853438824415207,19.146422592461217,0.9402179576545682,0.5279383429672447,0.10853438824415207,nan,0.10853438824415207,19.146422592461217,0.33796406345408697
example_00051,median,blur_contrast,0.012207724153995514,0.10860523581504822,19.13365292606026,0.940016678036015,0.45746691871455575,0.10860523581504822,nan,0.10853438824415207,19.146422592461217,0.3156559897116907
example_00051,inpaint_or_denoise,blur_contrast,0.012153823859989643,0.10784409940242767,19.15287061981532,0.9404130573611631,0.40037593984962405,0.10784409940242767,nan,0.10853438824415207,19.146422592461217,0.2568630942577749
example_00051,nl_means_denoise,blur_contrast,0.012153823859989643,0.10784409940242767,19.15287061981532,0.9404130573611631,0.40037593984962405,0.10784409940242767,nan,0.10853438824415207,19.146422592461217,0.2568630942577749
example_00052,unchanged,scratch_dust,0.007365666329860687,0.03549637272953987,21.327879588971417,0.8699606492349201,0.5009242144177449,0.16665393114089966,0.01884230226278305,0.03549637272953987,21.327879588971417,1.6472194048124398
example_00052,median,scratch_dust,0.006965843960642815,0.034117456525564194,21.570262582428118,0.8714835004255587,0.34324806662700774,0.15597689151763916,0.018644040450453758,0.03549637272953987,21.327879588971417,0.8614453688719356
example_00052,inpaint_or_denoise,scratch_dust,0.0009727507713250816,0.0209652166813612,30.119984161581506,0.9812463247559818,0.554467564259486,0.03768402338027954,0.01884230226278305,0.03549637272953987,21.327879588971417,1.3145553136480614
example_00052,nl_means_denoise,scratch_dust,0.007169026881456375,0.031422097235918045,21.445397911516565,0.871781285238083,0.46850044365572313,0.16355235874652863,0.014644513837993145,0.03549637272953987,21.327879588971417,1.130345267128101
example_00053,unchanged,grain,0.00490051181986928,0.05604702979326248,23.097585589639706,0.9132197110028661,0.23089879038432093,0.05604702979326248,nan,0.05604702979326248,23.097585589639706,2.9185274452705765
example_00053,median,grain,0.0016543283127248287,0.03127848356962204,27.81378297531131,0.9674935593556585,0.30870639934084043,0.03127848356962204,nan,0.05604702979326248,23.097585589639706,0.988452451305052
example_00053,inpaint_or_denoise,grain,0.004853186197578907,0.05573802441358566,23.13973046201752,0.9139847872948139,0.234016139044072,0.05573802441358566,nan,0.05604702979326248,23.097585589639706,2.9034424453716463
example_00053,nl_means_denoise,grain,0.004853186197578907,0.05573802441358566,23.13973046201752,0.9139847872948139,0.234016139044072,0.05573802441358566,nan,0.05604702979326248,23.097585589639706,2.9034424453716463
example_00054,unchanged,blur_contrast,0.00836903601884842,0.08574625849723816,20.773245630109102,0.8910920429448947,0.2102079395085066,0.08574625849723816,nan,0.08574625849723816,20.773245630109102,0.27234965634206537
example_00054,median,blur_contrast,0.00855745654553175,0.0865059643983841,20.676552975168384,0.8846481952295224,0.17552395209580837,0.0865059643983841,nan,0.08574625849723816,20.773245630109102,0.24122942481637952
example_00054,inpaint_or_denoise,blur_contrast,0.008875371888279915,0.0872204378247261,20.51813440453815,0.8724621830559945,0.1219047619047619,0.0872204378247261,nan,0.08574625849723816,20.773245630109102,0.15800408531024338
example_00054,nl_means_denoise,blur_contrast,0.008875371888279915,0.0872204378247261,20.51813440453815,0.8724621830559945,0.1219047619047619,0.0872204378247261,nan,0.08574625849723816,20.773245630109102,0.15800408531024338
example_00055,unchanged,scratch_dust,0.01312691904604435,0.04491756856441498,18.818371930508228,0.9418123853302597,0.4394250513347023,0.22712723910808563,0.018902141600847244,0.04491756856441498,18.818371930508228,1.9429654013536408
example_00055,median,scratch_dust,0.011553285643458366,0.03968434035778046,19.372944890271903,0.9483037111747799,0.3486347447566284,0.20911905169487,0.015492890030145645,0.04491756856441498,18.818371930508228,1.1089271334552255
example_00055,inpaint_or_denoise,scratch_dust,0.0009810164337977767,0.020468318834900856,30.083237173418546,0.9956706940764721,0.5312632922160783,0.03143768757581711,0.018902141600847244,0.04491756856441498,18.818371930508228,1.4998992840495073
example_00055,nl_means_denoise,scratch_dust,0.012822994031012058,0.038188859820365906,18.92010559892601,0.9430865508173222,0.42376237623762375,0.22454094886779785,0.011581989005208015,0.04491756856441498,18.818371930508228,1.3283575876460034
example_00056,unchanged,grain,0.004619821440428495,0.05485576391220093,23.35374809927686,0.979796507961391,0.19322743934369,0.05485576391220093,nan,0.05485576391220093,23.35374809927686,3.3421953348279225
example_00056,median,grain,0.0014826685655862093,0.029017308726906776,28.289559199250558,0.9934107898804823,0.3312572985597509,0.029017308726906776,nan,0.05485576391220093,23.35374809927686,1.1717618607774856
example_00056,inpaint_or_denoise,grain,0.004385186824947596,0.05307449400424957,23.580118993753793,0.9808030452194433,0.20438628824179875,0.05307449400424957,nan,0.05485576391220093,23.35374809927686,3.2402576108187664
example_00056,nl_means_denoise,grain,0.004385186824947596,0.05307449400424957,23.580118993753793,0.9808030452194433,0.20438628824179875,0.05307449400424957,nan,0.05485576391220093,23.35374809927686,3.2402576108187664
example_00057,unchanged,blur_contrast,0.01202002726495266,0.10325400531291962,19.200945472247053,0.9353312357929638,0.2382709541381128,0.10325400531291962,nan,0.10325400531291962,19.200945472247053,0.29007162164474815
example_00057,median,blur_contrast,0.012174234725534916,0.10380260646343231,19.145583290803124,0.9344352638582674,0.22532981530343008,0.10380260646343231,nan,0.10325400531291962,19.200945472247053,0.2663373760014357
example_00057,inpaint_or_denoise,blur_contrast,0.012290842831134796,0.10373008251190186,19.104183348222165,0.9338324019357865,0.20515518148342976,0.10373008251190186,nan,0.10325400531291962,19.200945472247053,0.21443809114250045
example_00057,nl_means_denoise,blur_contrast,0.012290842831134796,0.10373008251190186,19.104183348222165,0.9338324019357865,0.20515518148342976,0.10373008251190186,nan,0.10325400531291962,19.200945472247053,0.21443809114250045
example_00058,unchanged,scratch_dust,0.007386407814919949,0.03529124706983566,21.315667179577215,0.8898726497814938,0.42532005689900426,0.18017494678497314,0.018748590722680092,0.03529124706983566,21.315667179577215,2.54373102040135
example_00058,median,scratch_dust,0.006724918261170387,0.02910802699625492,21.723129899781036,0.8970456283365321,0.3591130340724716,0.16613531112670898,0.013462408445775509,0.03529124706983566,21.315667179577215,1.3201212152332136
example_00058,inpaint_or_denoise,scratch_dust,0.0006764695281162858,0.019075041636824608,31.697517616221695,0.9889299783592279,0.6066802999318337,0.021934159100055695,0.018748590722680092,0.03529124706983566,21.315667179577215,1.9455529601924857
example_00058,nl_means_denoise,scratch_dust,0.006977848708629608,0.02617809735238552,21.562784510128168,0.8951175670600566,0.46645367412140576,0.17443856596946716,0.009249887429177761,0.03529124706983566,21.315667179577215,1.5574686508018214
example_00059,unchanged,grain,0.004911745432764292,0.056434303522109985,23.087641500123866,0.9251221333130547,0.1328,0.056434303522109985,nan,0.056434303522109985,23.087641500123866,4.882932517933467
example_00059,median,grain,0.0014022064860910177,0.027865540236234665,28.531880283330846,0.976941432658435,0.33772652388797364,0.027865540236234665,nan,0.056434303522109985,23.087641500123866,1.5551757835255369
example_00059,inpaint_or_denoise,grain,0.004785514436662197,0.05561068654060364,23.20071369277999,0.926907119691769,0.13616478308421437,0.05561068654060364,nan,0.056434303522109985,23.087641500123866,4.814897909364295
example_00059,nl_means_denoise,grain,0.004785514436662197,0.05561068654060364,23.20071369277999,0.926907119691769,0.13616478308421437,0.05561068654060364,nan,0.056434303522109985,23.087641500123866,4.814897909364295
example_00060,unchanged,blur_contrast,0.009793397039175034,0.09517032653093338,20.090666381797682,0.8965856445738691,0.4683954619124797,0.09517032653093338,nan,0.09517032653093338,20.090666381797682,0.4021961194619439
example_00060,median,blur_contrast,0.009972667321562767,0.09594152122735977,20.011886683576257,0.8920112514371561,0.38102766798418974,0.09594152122735977,nan,0.09517032653093338,20.090666381797682,0.3469618279964856
example_00060,inpaint_or_denoise,blur_contrast,0.010025436989963055,0.09575841575860977,19.988966882146716,0.8897467452792074,0.3546042003231018,0.09575841575860977,nan,0.09517032653093338,20.090666381797682,0.28683922145208657
example_00060,nl_means_denoise,blur_contrast,0.010025436989963055,0.09575841575860977,19.988966882146716,0.8897467452792074,0.3546042003231018,0.09575841575860977,nan,0.09517032653093338,20.090666381797682,0.28683922145208657
example_00061,unchanged,scratch_dust,0.02614612504839897,0.06733398884534836,15.82592666062312,0.8215709854238017,0.4264314247669774,0.2601149082183838,0.0186376441270113,0.06733398884534836,15.82592666062312,2.232749218736813
example_00061,median,scratch_dust,0.022260073572397232,0.06439496576786041,16.524734045999928,0.8423250899139458,0.2695829094608342,0.2412678748369217,0.019716976210474968,0.06733398884534836,15.82592666062312,1.3765209644123866
example_00061,inpaint_or_denoise,scratch_dust,0.0010782689787447453,0.020280664786696434,29.672728890442144,0.9921935768823501,0.6277145811789038,0.026785118505358696,0.0186376441270113,0.06733398884534836,15.82592666062312,1.390875118483364
example_00061,nl_means_denoise,scratch_dust,0.025856181979179382,0.06016821414232254,15.87435604273573,0.8232450052111947,0.4345696291112666,0.25821107625961304,0.010142710991203785,0.06733398884534836,15.82592666062312,1.8231930282873503
example_00062,unchanged,grain,0.004240427166223526,0.053016334772109985,23.725903918531877,0.9702585681724327,0.23147969982682318,0.053016334772109985,nan,0.053016334772109985,23.725903918531877,3.0354135361740058
example_00062,median,grain,0.002187777776271105,0.03210975602269173,26.599967936002955,0.9841586140995571,0.3549618320610687,0.03210975602269173,nan,0.053016334772109985,23.725903918531877,1.0900518306887217
example_00062,inpaint_or_denoise,grain,0.0036540052387863398,0.048397764563560486,24.37230834330397,0.9742677258488458,0.2791831051288002,0.048397764563560486,nan,0.053016334772109985,23.725903918531877,2.810374150178643
example_00062,nl_means_denoise,grain,0.0036540052387863398,0.048397764563560486,24.37230834330397,0.9742677258488458,0.2791831051288002,0.048397764563560486,nan,0.053016334772109985,23.725903918531877,2.810374150178643
example_00063,unchanged,blur_contrast,0.015860408544540405,0.12113587558269501,17.996856299847252,0.8730015565771361,0.2200983069361005,0.12113587558269501,nan,0.12113587558269501,17.996856299847252,0.1710364429509592
example_00063,median,blur_contrast,0.016039349138736725,0.12171104550361633,17.94813258944012,0.8712626390109881,0.20689655172413793,0.12171104550361633,nan,0.12113587558269501,17.996856299847252,0.1620693799534994
example_00063,inpaint_or_denoise,blur_contrast,0.01619640551507473,0.12204565852880478,17.905813581845226,0.8694496660086269,0.16490838423098278,0.12204565852880478,nan,0.12113587558269501,17.996856299847252,0.13180340068862195
example_00063,nl_means_denoise,blur_contrast,0.01619640551507473,0.12204565852880478,17.905813581845226,0.8694496660086269,0.16490838423098278,0.12204565852880478,nan,0.12113587558269501,17.996856299847252,0.13180340068862195
example_00064,unchanged,scratch_dust,0.005339226685464382,0.040918923914432526,22.725216400792725,0.9720694627587544,0.3495458540873132,0.1399010568857193,0.019084304571151733,0.040918923914432526,22.725216400792725,1.7581707767861858
example_00064,median,scratch_dust,0.005007053725421429,0.0383915901184082,23.004177486192884,0.9735930621527031,0.2896622313203685,0.13380613923072815,0.017343949526548386,0.040918923914432526,22.725216400792725,1.0022497755716322
example_00064,inpaint_or_denoise,scratch_dust,0.0021655368618667126,0.025793936103582382,26.644344192908452,0.989037966867184,0.43740279937791604,0.0562104731798172,0.019084304571151733,0.040918923914432526,22.725216400792725,1.3543201140624175
example_00064,nl_means_denoise,scratch_dust,0.004964353051036596,0.03498415648937225,23.04137340254541,0.9740356348676947,0.38394938394938394,0.1374853551387787,0.012373260222375393,0.040918923914432526,22.725216400792725,1.3073004171727307
example_00065,unchanged,grain,0.004497908521443605,0.05359819903969765,23.469893815007094,0.977672931033062,0.1993925317134179,0.05359819903969765,nan,0.05359819903969765,23.469893815007094,3.0225129640386545
example_00065,median,grain,0.0015825568698346615,0.029538622125983238,28.006406744786297,0.9920080315527747,0.2959522229595222,0.029538622125983238,nan,0.05359819903969765,23.469893815007094,1.1227374980197498
example_00065,inpaint_or_denoise,grain,0.0042159901931881905,0.051068950444459915,23.75100408006422,0.9790524695500052,0.21277407054337463,0.051068950444459915,nan,0.05359819903969765,23.469893815007094,2.8732360986428684
example_00065,nl_means_denoise,grain,0.0042159901931881905,0.051068950444459915,23.75100408006422,0.9790524695500052,0.21277407054337463,0.051068950444459915,nan,0.05359819903969765,23.469893815007094,2.8732360986428684
example_00066,unchanged,blur_contrast,0.010556565597653389,0.09065012633800507,19.764773492819035,0.9388601249837651,0.5262563523433089,0.09065012633800507,nan,0.09065012633800507,19.764773492819035,0.40154810688070974
example_00066,median,blur_contrast,0.01078479178249836,0.09177820384502411,19.671882352239226,0.9372606903035581,0.424680377987771,0.09177820384502411,nan,0.09065012633800507,19.764773492819035,0.35460558694619
example_00066,inpaint_or_denoise,blur_contrast,0.010866941884160042,0.09179256111383438,19.638926555175093,0.9368439329281233,0.3984547461368653,0.09179256111383438,nan,0.09065012633800507,19.764773492819035,0.3094330939430744
example_00066,nl_means_denoise,blur_contrast,0.010866941884160042,0.09179256111383438,19.638926555175093,0.9368439329281233,0.3984547461368653,0.09179256111383438,nan,0.09065012633800507,19.764773492819035,0.3094330939430744
example_00067,unchanged,scratch_dust,0.0027999738231301308,0.026903100311756134,25.52846028844666,0.9772261820402972,0.54625,0.09842551499605179,0.018758423626422882,0.026903100311756134,25.52846028844666,1.7037367640616665
example_00067,median,scratch_dust,0.0027880175039172173,0.024960985407233238,25.547045039489223,0.9769338564338926,0.38847583643122674,0.08231080323457718,0.018430225551128387,0.026903100311756134,25.52846028844666,0.7886738981277994
example_00067,inpaint_or_denoise,scratch_dust,0.0009678266360424459,0.020120779052376747,30.142024296265788,0.9920918646937464,0.6547433903576982,0.03208428621292114,0.018758423626422882,0.026903100311756134,25.52846028844666,1.4695176032150146
example_00067,nl_means_denoise,scratch_dust,0.0023708906956017017,0.017255716025829315,26.25088467696745,0.9806535961872059,0.6044487427466151,0.08558619022369385,0.009474524296820164,0.026903100311756134,25.52846028844666,1.0887925182848557
example_00068,unchanged,grain,0.004749259911477566,0.05530431121587753,23.233740622495866,0.9625340139141785,0.20376621069461717,0.05530431121587753,nan,0.05530431121587753,23.233740622495866,3.1257740247822343
example_00068,median,grain,0.0021310350857675076,0.032375920563936234,26.714093999198738,0.9824393397742349,0.34233076263924594,0.032375920563936234,nan,0.05530431121587753,23.233740622495866,1.0695330607992202
example_00068,inpaint_or_denoise,grain,0.004557694308459759,0.0540165901184082,23.412548069751264,0.9639921417106329,0.21562734785875282,0.0540165901184082,nan,0.05530431121587753,23.233740622495866,3.0621739065795746
example_00068,nl_means_denoise,grain,0.004557694308459759,0.0540165901184082,23.412548069751264,0.9639921417106329,0.21562734785875282,0.0540165901184082,nan,0.05530431121587753,23.233740622495866,3.0621739065795746
example_00069,unchanged,blur_contrast,0.01036881748586893,0.09767898917198181,19.842707699991248,0.915071744456255,0.5084269662921348,0.09767898917198181,nan,0.09767898917198181,19.842707699991248,0.3688267673222189
example_00069,median,blur_contrast,0.010895433835685253,0.09963762015104294,19.627554722839033,0.90915067582602,0.35436094349972574,0.09963762015104294,nan,0.09767898917198181,19.842707699991248,0.28927909106146354
example_00069,inpaint_or_denoise,blur_contrast,0.010682270862162113,0.09862156212329865,19.713364141546577,0.9109351240289902,0.39034090909090907,0.09862156212329865,nan,0.09767898917198181,19.842707699991248,0.27717645433159593
example_00069,nl_means_denoise,blur_contrast,0.010682270862162113,0.09862156212329865,19.713364141546577,0.9109351240289902,0.39034090909090907,0.09862156212329865,nan,0.09767898917198181,19.842707699991248,0.27717645433159593
example_00070,unchanged,scratch_dust,0.008162958547472954,0.0392867773771286,20.88152408896815,0.9348365078384123,0.5254748266505879,0.16365674138069153,0.018873628228902817,0.0392867773771286,20.88152408896815,1.7324191451929603
example_00070,median,scratch_dust,0.006988987326622009,0.03709357976913452,21.55585747047011,0.9425334310512905,0.35612181479179617,0.14944233000278473,0.018653504550457,0.0392867773771286,20.88152408896815,0.9800893552959731
example_00070,inpaint_or_denoise,scratch_dust,0.0016602163668721914,0.0237735528498888,27.79835309059164,0.9865124102847573,0.5911722141823444,0.053627025336027145,0.018873628228902817,0.0392867773771286,20.88152408896815,1.2959317138616648
example_00070,nl_means_denoise,scratch_dust,0.00790945254266262,0.03288813680410385,21.018535754060885,0.9367060802569646,0.4968963376784606,0.1624344140291214,0.011625386774539948,0.0392867773771286,20.88152408896815,1.3589685565230216
example_00071,unchanged,grain,0.004487417638301849,0.05441415682435036,23.48003509346054,0.964589644115462,0.2696128811236725,0.05441415682435036,nan,0.05441415682435036,23.48003509346054,2.690352804859975
example_00071,median,grain,0.0020775231532752514,0.03293265402317047,26.824541274554527,0.9828735010341093,0.3555413196668802,0.03293265402317047,nan,0.05441415682435036,23.48003509346054,1.0061743332390214
example_00071,inpaint_or_denoise,grain,0.004215935245156288,0.05228845775127411,23.751060683095695,0.9666603353689572,0.2898177131283373,0.05228845775127411,nan,0.05441415682435036,23.48003509346054,2.6002642863170315
example_00071,nl_means_denoise,grain,0.004215935245156288,0.05228845775127411,23.751060683095695,0.9666603353689572,0.2898177131283373,0.05228845775127411,nan,0.05441415682435036,23.48003509346054,2.6002642863170315
example_00072,unchanged,blur_contrast,0.00817682035267353,0.0844334065914154,20.87415543730055,0.9218972040924021,0.4762886597938144,0.0844334065914154,nan,0.0844334065914154,20.87415543730055,0.39379835705669997
example_00072,median,blur_contrast,0.008623233065009117,0.08618499338626862,20.643298758175472,0.9167066684678624,0.3692557950386336,0.08618499338626862,nan,0.0844334065914154,20.87415543730055,0.33379707090347344
example_00072,inpaint_or_denoise,blur_contrast,0.008582965470850468,0.08582477271556854,20.663626346321614,0.9168794106001057,0.36386138613861385,0.08582477271556854,nan,0.0844334065914154,20.87415543730055,0.2961434283331667
example_00072,nl_means_denoise,blur_contrast,0.008582965470850468,0.08582477271556854,20.663626346321614,0.9168794106001057,0.36386138613861385,0.08582477271556854,nan,0.0844334065914154,20.87415543730055,0.2961434283331667
example_00073,unchanged,scratch_dust,0.0046431501396000385,0.034172747284173965,23.331872728822688,0.9664708116861429,0.4442846872753415,0.1367884874343872,0.018722735345363617,0.034172747284173965,23.331872728822688,1.8578481597893242
example_00073,median,scratch_dust,0.004395574331283569,0.030079321935772896,23.56984371418154,0.9678986823139591,0.3486868686868687,0.1283435821533203,0.015284479595720768,0.034172747284173965,23.331872728822688,1.02434386107172
example_00073,inpaint_or_denoise,scratch_dust,0.0012337267398834229,0.022264908999204636,29.087810222335566,0.9913602042735341,0.5415512465373962,0.04579126462340355,0.018722735345363617,0.034172747284173965,23.331872728822688,1.50774185127422
example_00073,nl_means_denoise,scratch_dust,0.004308362491428852,0.027738921344280243,23.65687763729589,0.9687855820164221,0.4748054076198279,0.13315223157405853,0.011867702007293701,0.034172747284173965,23.331872728822688,1.2669260511562217
example_00074,unchanged,grain,0.004844186827540398,0.05547425523400307,23.147791156104883,0.9669299753309915,0.1886623748211731,0.05547425523400307,nan,0.05547425523400307,23.147791156104883,3.488957970963217
example_00074,median,grain,0.0015326605644077063,0.028876569122076035,28.145540169182006,0.9892762690661581,0.3389830508474576,0.028876569122076035,nan,0.05547425523400307,23.147791156104883,1.2277998798979133
example_00074,inpaint_or_denoise,grain,0.004685219377279282,0.05468175560235977,23.292700692134957,0.9679974417071363,0.19447004608294932,0.05468175560235977,nan,0.05547425523400307,23.147791156104883,3.397803977329775
example_00074,nl_means_denoise,grain,0.004685219377279282,0.05468175560235977,23.292700692134957,0.9679974417071363,0.19447004608294932,0.05468175560235977,nan,0.05547425523400307,23.147791156104883,3.397803977329775
example_00075,unchanged,blur_contrast,0.007491253316402435,0.07983589917421341,21.25445517031823,0.9365321875604672,0.45838218053927315,0.07983589917421341,nan,0.07983589917421341,21.25445517031823,0.41622995987672323
example_00075,median,blur_contrast,0.007726259995251894,0.08078062534332275,21.12030681564825,0.9341923465552575,0.3654618473895582,0.08078062534332275,nan,0.07983589917421341,21.25445517031823,0.37022173465279884
example_00075,inpaint_or_denoise,blur_contrast,0.0077935270965099335,0.0804239958524704,21.082659503020132,0.9335038891078139,0.34001178550383027,0.0804239958524704,nan,0.07983589917421341,21.25445517031823,0.3127230996665637
example_00075,nl_means_denoise,blur_contrast,0.0077935270965099335,0.0804239958524704,21.082659503020132,0.9335038891078139,0.34001178550383027,0.0804239958524704,nan,0.07983589917421341,21.25445517031823,0.3127230996665637
example_00076,unchanged,scratch_dust,0.005773049313575029,0.036673031747341156,22.385947327279325,0.9715791429448858,0.5076824583866837,0.15388844907283783,0.018863674253225327,0.036673031747341156,22.385947327279325,1.650752879253329
example_00076,median,scratch_dust,0.0054108211770653725,0.03607728332281113,22.66736818885208,0.9730665372196852,0.35609103078982596,0.14076997339725494,0.02017058990895748,0.036673031747341156,22.385947327279325,0.8526040767991182
example_00076,inpaint_or_denoise,scratch_dust,0.001157225575298071,0.022173473611474037,29.365819767799426,0.9944404636152118,0.6267864434463046,0.04395749792456627,0.018863674253225327,0.036673031747341156,22.385947327279325,1.3189963659278796
example_00076,nl_means_denoise,scratch_dust,0.005472497083246708,0.030413219705224037,22.618144612319718,0.9730680031748439,0.5215198386012105,0.15196122229099274,0.011945578269660473,0.036673031747341156,22.385947327279325,1.254280020617655
example_00077,unchanged,grain,0.004561993293464184,0.05428609997034073,23.40845357510409,0.9784968354959349,0.24067197170645446,0.05428609997034073,nan,0.05428609997034073,23.40845357510409,2.7598052337884353
example_00077,median,grain,0.0021336041390895844,0.03295730799436569,26.70886154806921,0.9897429824340006,0.3502382573179033,0.03295730799436569,nan,0.05428609997034073,23.40845357510409,0.9704002712425613
example_00077,inpaint_or_denoise,grain,0.004344084300100803,0.05254312977194786,23.621017555385997,0.979508613990565,0.24931356397583745,0.05254312977194786,nan,0.05428609997034073,23.40845357510409,2.6814650977389927
example_00077,nl_means_denoise,grain,0.004344084300100803,0.05254312977194786,23.621017555385997,0.979508613990565,0.24931356397583745,0.05254312977194786,nan,0.05428609997034073,23.40845357510409,2.6814650977389927
example_00078,unchanged,blur_contrast,0.01153208501636982,0.10127072036266327,19.380921645838484,0.9283116700997032,0.18300046446818394,0.10127072036266327,nan,0.10127072036266327,19.380921645838484,0.18732918113619967
example_00078,median,blur_contrast,0.01171155646443367,0.10191363096237183,19.313853834079893,0.9271300952053653,0.16096207215541167,0.10191363096237183,nan,0.10127072036266327,19.380921645838484,0.17803078888512977
example_00078,inpaint_or_denoise,blur_contrast,0.011891091242432594,0.10212378203868866,19.247782884578058,0.9261041536918898,0.1222169587873046,0.10212378203868866,nan,0.10127072036266327,19.380921645838484,0.13681351332856012
example_00078,nl_means_denoise,blur_contrast,0.011891091242432594,0.10212378203868866,19.247782884578058,0.9261041536918898,0.1222169587873046,0.10212378203868866,nan,0.10127072036266327,19.380921645838484,0.13681351332856012
example_00079,unchanged,scratch_dust,0.0067636785097420216,0.03343170881271362,21.698170434106657,0.9515649018949964,0.5028376844494892,0.1982969045639038,0.01893758215010166,0.03343170881271362,21.698170434106657,2.165634369084217
example_00079,median,scratch_dust,0.006529601290822029,0.028209252282977104,21.851133367161072,0.9528364765763039,0.3810792804796802,0.1853800266981125,0.014391583390533924,0.03343170881271362,21.698170434106657,1.0333990733846306
example_00079,inpaint_or_denoise,scratch_dust,0.0005484519642777741,0.018245922401547432,32.60861403754987,0.995975053374105,0.6581325301204819,0.010378532111644745,0.01893758215010166,0.03343170881271362,21.698170434106657,1.882090249421534
example_00079,nl_means_denoise,scratch_dust,0.006302906200289726,0.023371439427137375,22.0045915598714,0.9547768553204317,0.579700272479564,0.18771696090698242,0.008923000656068325,0.03343170881271362,21.698170434106657,1.1786122100468748
example_00080,unchanged,grain,0.0047439029440283775,0.055490292608737946,23.238642048259383,0.9662018865840337,0.13668681123355847,0.055490292608737946,nan,0.055490292608737946,23.238642048259383,4.4017643617207405
example_00080,median,grain,0.0014416227350011468,0.028238214552402496,28.41148377303076,0.989393211960449,0.32073242764323684,0.028238214552402496,nan,0.055490292608737946,23.238642048259383,1.4326150212782929
example_00080,inpaint_or_denoise,grain,0.004560249391943216,0.054275572299957275,23.410114058919053,0.9674674868324304,0.14322965170422797,0.054275572299957275,nan,0.055490292608737946,23.238642048259383,4.311117352180003
example_00080,nl_means_denoise,grain,0.004560249391943216,0.054275572299957275,23.410114058919053,0.9674674868324304,0.14322965170422797,0.054275572299957275,nan,0.055490292608737946,23.238642048259383,4.311117352180003
example_00081,unchanged,blur_contrast,0.008655029349029064,0.08922885358333588,20.627314551023062,0.9306388189771532,0.48500428449014565,0.08922885358333588,nan,0.08922885358333588,20.627314551023062,0.3831930900976902
example_00081,median,blur_contrast,0.008873531594872475,0.0901695117354393,20.519035000200926,0.9284522860118845,0.3782426778242678,0.0901695117354393,nan,0.08922885358333588,20.627314551023062,0.32385074986289936
example_00081,inpaint_or_denoise,blur_contrast,0.008818516507744789,0.08967428654432297,20.54604467780722,0.9290525174460509,0.38294314381270905,0.08967428654432297,nan,0.08922885358333588,20.627314551023062,0.28507841285068003
example_00081,nl_means_denoise,blur_contrast,0.008818516507744789,0.08967428654432297,20.54604467780722,0.9290525174460509,0.38294314381270905,0.08967428654432297,nan,0.08922885358333588,20.627314551023062,0.28507841285068003
example_00082,unchanged,scratch_dust,0.008337941020727158,0.03974489867687225,20.78941181224993,0.9189187014299007,0.45284738041002276,0.17651201784610748,0.018787477165460587,0.03974489867687225,20.78941181224993,2.2184117590618007
example_00082,median,scratch_dust,0.0074358852580189705,0.033728744834661484,21.286673203785785,0.926512442805314,0.3475143403441683,0.1662604659795761,0.013420337811112404,0.03974489867687225,20.78941181224993,1.2842098602268464
example_00082,inpaint_or_denoise,scratch_dust,0.001766785979270935,0.0230507031083107,27.528160558418932,0.9823039571256948,0.5595451825254338,0.0508723109960556,0.018787477165460587,0.03974489867687225,20.78941181224993,1.654723753457531
example_00082,nl_means_denoise,scratch_dust,0.008023176342248917,0.032459452748298645,20.95653662287846,0.921662691172876,0.4593437945791726,0.17527270317077637,0.010575566440820694,0.03974489867687225,20.78941181224993,1.5280097586374224
example_00083,unchanged,grain,0.0048300460912287235,0.05547928065061569,23.16048724927413,0.9542948031911546,0.1668204465768592,0.05547928065061569,nan,0.05547928065061569,23.16048724927413,3.9804092671289433
example_00083,median,grain,0.001345712342299521,0.027572331950068474,28.710477644086858,0.9866598917916225,0.39060832443970117,0.027572331950068474,nan,0.05547928065061569,23.16048724927413,1.365434490813104
example_00083,inpaint_or_denoise,grain,0.004699147772043943,0.05466906726360321,23.279808976937563,0.9554910216249628,0.1708884688090737,0.05466906726360321,nan,0.05547928065061569,23.16048724927413,3.913175639310086
example_00083,nl_means_denoise,grain,0.004699147772043943,0.05466906726360321,23.279808976937563,0.9554910216249628,0.1708884688090737,0.05466906726360321,nan,0.05547928065061569,23.16048724927413,3.913175639310086
example_00084,unchanged,blur_contrast,0.006567585282027721,0.07206791639328003,21.82594279063617,0.9185141849138522,0.3432624113475177,0.07206791639328003,nan,0.07206791639328003,21.82594279063617,0.2522061997060991
example_00084,median,blur_contrast,0.006653439253568649,0.0724073201417923,21.769538039094584,0.9171955134345041,0.2946236559139785,0.0724073201417923,nan,0.07206791639328003,21.82594279063617,0.24594245856723146
example_00084,inpaint_or_denoise,blur_contrast,0.006813977845013142,0.0726923942565918,21.66599282832154,0.9147196293472917,0.24910522548317823,0.0726923942565918,nan,0.07206791639328003,21.82594279063617,0.20813035223054815
example_00084,nl_means_denoise,blur_contrast,0.006813977845013142,0.0726923942565918,21.66599282832154,0.9147196293472917,0.24910522548317823,0.0726923942565918,nan,0.07206791639328003,21.82594279063617,0.20813035223054815
example_00085,unchanged,scratch_dust,0.00976065918803215,0.039336081594228745,20.10520851179862,0.8968046487685108,0.49153908138597907,0.2290254682302475,0.018678875640034676,0.039336081594228745,20.10520851179862,2.358464305957554
example_00085,median,scratch_dust,0.00866197980940342,0.03383956849575043,20.6238283292145,0.9064705922101625,0.3420265070542967,0.21388757228851318,0.01423230767250061,0.039336081594228745,20.10520851179862,1.2208968482421698
example_00085,inpaint_or_denoise,scratch_dust,0.0007446523522958159,0.019741401076316833,31.280464342552328,0.9916278117217487,0.5955,0.029498282819986343,0.018678875640034676,0.039336081594228745,20.10520851179862,1.8518357866057833
example_00085,nl_means_denoise,scratch_dust,0.00942770205438137,0.030345721170306206,20.255941510292075,0.8998452947119912,0.46956521739130436,0.22638101875782013,0.008997444063425064,0.039336081594228745,20.10520851179862,1.4769677647779829
example_00086,unchanged,grain,0.004853064194321632,0.05604391545057297,23.13983963979323,0.948430364135104,0.16753838366796017,0.05604391545057297,nan,0.05604391545057297,23.13983963979323,4.536238943603048
example_00086,median,grain,0.001330982195213437,0.027898570522665977,28.758277541213243,0.9850868634387902,0.32905629139072845,0.027898570522665977,nan,0.05604391545057297,23.13983963979323,1.4528782752417682
example_00086,inpaint_or_denoise,grain,0.004741473123431206,0.055317237973213196,23.24086706852836,0.9495559252776326,0.17055994503607008,0.055317237973213196,nan,0.05604391545057297,23.13983963979323,4.479739107930757
example_00086,nl_means_denoise,grain,0.004741473123431206,0.055317237973213196,23.24086706852836,0.9495559252776326,0.17055994503607008,0.055317237973213196,nan,0.05604391545057297,23.13983963979323,4.479739107930757
example_00087,unchanged,blur_contrast,0.013194648548960686,0.10920338332653046,18.79602173104392,0.8924412468814433,0.08958837772397095,0.10920338332653046,nan,0.10920338332653046,18.79602173104392,0.20778764493783333
example_00087,median,blur_contrast,0.013247117400169373,0.10943987220525742,18.778786148137993,0.8912461014968228,0.08257986738999397,0.10943987220525742,nan,0.10920338332653046,18.79602173104392,0.19942485301799348
example_00087,inpaint_or_denoise,blur_contrast,0.013309706002473831,0.10943268984556198,18.758315375315963,0.8885250412613164,0.07181984175289105,0.10943268984556198,nan,0.10920338332653046,18.79602173104392,0.14471908694126595
example_00087,nl_means_denoise,blur_contrast,0.013309706002473831,0.10943268984556198,18.758315375315963,0.8885250412613164,0.07181984175289105,0.10943268984556198,nan,0.10920338332653046,18.79602173104392,0.14471908694126595
example_00088,unchanged,scratch_dust,0.0061099957674741745,0.03582332655787468,22.139590906024942,0.9667143885005043,0.4531149646756583,0.14075835049152374,0.019110050052404404,0.03582332655787468,22.139590906024942,1.8351045231887682
example_00088,median,scratch_dust,0.0053443931974470615,0.03143765404820442,22.721015974637044,0.9706223881054369,0.36722571628232004,0.1260964572429657,0.016361096873879433,0.03582332655787468,22.139590906024942,1.0111225605195022
example_00088,inpaint_or_denoise,scratch_dust,0.0017267463263124228,0.023466939106583595,27.627714592910873,0.9907420421785329,0.5510604870384918,0.050821855664253235,0.019110050052404404,0.03582332655787468,22.139590906024942,1.4112153591247627
example_00088,nl_means_denoise,scratch_dust,0.0058189332485198975,0.029906747862696648,22.351566247563646,0.9682356708745058,0.44368832936372915,0.13765385746955872,0.012745583429932594,0.03582332655787468,22.139590906024942,1.3335478106589922
example_00089,unchanged,grain,0.00465901056304574,0.05479903519153595,23.317063049054436,0.9756494905820259,0.21510532625449563,0.05479903519153595,nan,0.05479903519153595,23.317063049054436,3.1226681828727116
example_00089,median,grain,0.001539654447697103,0.029161160811781883,28.125767390971337,0.9917659473187431,0.34535901926444834,0.029161160811781883,nan,0.05479903519153595,23.317063049054436,1.1152835799026253
example_00089,inpaint_or_denoise,grain,0.004483828321099281,0.05336626619100571,23.48351024227511,0.9765476213184475,0.22682089282486897,0.05336626619100571,nan,0.05479903519153595,23.317063049054436,3.0462511858631838
example_00089,nl_means_denoise,grain,0.004483828321099281,0.05336626619100571,23.48351024227511,0.9765476213184475,0.22682089282486897,0.05336626619100571,nan,0.05479903519153595,23.317063049054436,3.0462511858631838
example_00090,unchanged,blur_contrast,0.008873898535966873,0.08573739975690842,20.518855413081745,0.9370026350547674,0.2810969637610186,0.08573739975690842,nan,0.08573739975690842,20.518855413081745,0.30472001418523303
example_00090,median,blur_contrast,0.009036579169332981,0.08640113472938538,20.439959422066615,0.9358113663619361,0.250363196125908,0.08640113472938538,nan,0.08573739975690842,20.518855413081745,0.28468477938299547
example_00090,inpaint_or_denoise,blur_contrast,0.009291257709264755,0.08707347512245178,20.319254938403056,0.9340152012715904,0.21890303623898139,0.08707347512245178,nan,0.08573739975690842,20.518855413081745,0.2251336103488495
example_00090,nl_means_denoise,blur_contrast,0.009291257709264755,0.08707347512245178,20.319254938403056,0.9340152012715904,0.21890303623898139,0.08707347512245178,nan,0.08573739975690842,20.518855413081745,0.2251336103488495
example_00091,unchanged,scratch_dust,0.007189886644482613,0.03736931458115578,21.432779566357226,0.9269390287665908,0.38608247422680414,0.1530156284570694,0.018817083910107613,0.03736931458115578,21.432779566357226,2.7923484825136917
example_00091,median,scratch_dust,0.006017578765749931,0.03000703454017639,22.205782164153455,0.9376312523020829,0.30939871570344424,0.13812404870986938,0.0126626743003726,0.03736931458115578,21.432779566357226,1.5343150780543253
example_00091,inpaint_or_denoise,scratch_dust,0.0007503030356019735,0.01883568800985813,31.24763296462644,0.992055425292631,0.5988562091503268,0.018951652571558952,0.018817083910107613,0.03736931458115578,21.432779566357226,1.982064999646485
example_00091,nl_means_denoise,scratch_dust,0.006790393963456154,0.028286565095186234,21.68105028194951,0.930688936513143,0.40655549166187466,0.147383451461792,0.009180786088109016,0.03736931458115578,21.432779566357226,1.7137241820657247
example_00092,unchanged,grain,0.004906903952360153,0.056150905787944794,23.091924428073924,0.9500124694771894,0.11606160616061606,0.056150905787944794,nan,0.056150905787944794,23.091924428073924,5.160933134881428
example_00092,median,grain,0.0012458887649700046,0.026807118207216263,29.045207304827887,0.98667828582994,0.34144595561918395,0.026807118207216263,nan,0.056150905787944794,23.091924428073924,1.651193340137744
example_00092,inpaint_or_denoise,grain,0.004794105421751738,0.05541513115167618,23.192924201184567,0.9511046087250752,0.11892703057587695,0.05541513115167618,nan,0.056150905787944794,23.091924428073924,5.094898323613179
example_00092,nl_means_denoise,grain,0.004794105421751738,0.05541513115167618,23.192924201184567,0.9511046087250752,0.11892703057587695,0.05541513115167618,nan,0.056150905787944794,23.091924428073924,5.094898323613179
example_00093,unchanged,blur_contrast,0.010213298723101616,0.09789058566093445,19.908339654684422,0.9047728030103431,0.26403940886699506,0.09789058566093445,nan,0.09789058566093445,19.908339654684422,0.2342857544284567
example_00093,median,blur_contrast,0.010268595069646835,0.09808708727359772,19.884889717131383,0.9038503548323468,0.24358974358974358,0.09808708727359772,nan,0.09789058566093445,19.908339654684422,0.22714665257440586
example_00093,inpaint_or_denoise,blur_contrast,0.010399619117379189,0.09822328388690948,19.829825663021403,0.9017208630207741,0.2198019801980198,0.09822328388690948,nan,0.09789058566093445,19.908339654684422,0.19154987826389633
example_00093,nl_means_denoise,blur_contrast,0.010399619117379189,0.09822328388690948,19.829825663021403,0.9017208630207741,0.2198019801980198,0.09822328388690948,nan,0.09789058566093445,19.908339654684422,0.19154987826389633
example_00094,unchanged,scratch_dust,0.0064116972498595715,0.0368444100022316,21.930269925280513,0.9705571447999891,0.5044438459466738,0.14459480345249176,0.018631016835570335,0.0368444100022316,21.930269925280513,1.5485454547236819
example_00094,median,scratch_dust,0.005951927043497562,0.038896866142749786,22.25342400849378,0.9723511309167219,0.31265306122448977,0.13471224904060364,0.02270088717341423,0.0368444100022316,21.930269925280513,0.7836549536488369
example_00094,inpaint_or_denoise,scratch_dust,0.0013189357705414295,0.023348459973931313,28.79776353186481,0.9940892795785178,0.5533646322378717,0.05125683918595314,0.018631016835570335,0.0368444100022316,21.930269925280513,1.216417094791241
example_00094,nl_means_denoise,scratch_dust,0.006165000610053539,0.031515203416347504,22.100668760929256,0.9717285214806658,0.5061659192825112,0.1428384631872177,0.012697880156338215,0.0368444100022316,21.930269925280513,1.2286397613938644
example_00095,unchanged,grain,0.0045976233668625355,0.053953640162944794,23.37466608619776,0.9796678623382941,0.2709084945883896,0.053953640162944794,nan,0.053953640162944794,23.37466608619776,2.4947084423454005
example_00095,median,grain,0.0023136036470532417,0.034865912050008774,26.357110397841414,0.9896126148676248,0.3092391304347826,0.034865912050008774,nan,0.053953640162944794,23.37466608619776,0.8670366460258505
example_00095,inpaint_or_denoise,grain,0.004264806397259235,0.05120466649532318,23.70100679035826,0.9811286442280169,0.2879051934471941,0.05120466649532318,nan,0.053953640162944794,23.37466608619776,2.357325627254373
example_00095,nl_means_denoise,grain,0.004264806397259235,0.05120466649532318,23.70100679035826,0.9811286442280169,0.2879051934471941,0.05120466649532318,nan,0.053953640162944794,23.37466608619776,2.357325627254373
example_00096,unchanged,blur_contrast,0.010301649570465088,0.0948888435959816,19.870932275288027,0.9401981899104792,0.4385646973541138,0.0948888435959816,nan,0.0948888435959816,19.870932275288027,0.35023694297651875
example_00096,median,blur_contrast,0.010810669511556625,0.09693747013807297,19.66147409083619,0.9370748828275769,0.28772563176895305,0.09693747013807297,nan,0.0948888435959816,19.870932275288027,0.27641496356244083
example_00096,inpaint_or_denoise,blur_contrast,0.01074070855975151,0.09605305641889572,19.689670674781986,0.937688148821209,0.2717512032580526,0.09605305641889572,nan,0.0948888435959816,19.870932275288027,0.22656344706530857
example_00096,nl_means_denoise,blur_contrast,0.01074070855975151,0.09605305641889572,19.689670674781986,0.937688148821209,0.2717512032580526,0.09605305641889572,nan,0.0948888435959816,19.870932275288027,0.22656344706530857
example_00097,unchanged,scratch_dust,0.006310154218226671,0.03332807123661041,21.99960026602711,0.9462578441509244,0.5244618395303327,0.18626344203948975,0.01886010356247425,0.03332807123661041,21.99960026602711,2.022494667856907
example_00097,median,scratch_dust,0.0060147857293486595,0.028231751173734665,22.207798393497416,0.94805251295414,0.4170566822672907,0.17830675840377808,0.014034382998943329,0.03332807123661041,21.99960026602711,1.0564604227878105
example_00097,inpaint_or_denoise,scratch_dust,0.001350873033516109,0.022536810487508774,28.693854677319006,0.9883051071041207,0.5677777777777778,0.06140190735459328,0.01886010356247425,0.03332807123661041,21.99960026602711,1.723355232606554
example_00097,nl_means_denoise,scratch_dust,0.00598708214238286,0.025065822526812553,22.227847833210124,0.9488347599219056,0.5126646403242148,0.18513627350330353,0.009922867640852928,0.03332807123661041,21.99960026602711,1.2493822780649344
example_00098,unchanged,grain,0.004522950388491154,0.054515641182661057,23.44578175933652,0.9620738439649233,0.1625180375180375,0.054515641182661057,nan,0.054515641182661057,23.44578175933652,3.910345091554272
example_00098,median,grain,0.0014294730499386787,0.028152048587799072,28.448240280452364,0.9875685762045378,0.3670886075949367,0.028152048587799072,nan,0.054515641182661057,23.44578175933652,1.3816684027770632
example_00098,inpaint_or_denoise,grain,0.004233215469866991,0.052393294870853424,23.73329625456376,0.9644171835315677,0.1755650818394388,0.052393294870853424,nan,0.054515641182661057,23.44578175933652,3.769100746945893
example_00098,nl_means_denoise,grain,0.004233215469866991,0.052393294870853424,23.73329625456376,0.9644171835315677,0.1755650818394388,0.052393294870853424,nan,0.054515641182661057,23.44578175933652,3.769100746945893
example_00099,unchanged,blur_contrast,0.008007889613509178,0.08202837407588959,20.96481922113935,0.9139798293571078,0.31906614785992216,0.08202837407588959,nan,0.08202837407588959,20.96481922113935,0.2528783352217221
example_00099,median,blur_contrast,0.008109336718916893,0.08244006335735321,20.91014666269058,0.9126741263542394,0.30710172744721687,0.08244006335735321,nan,0.08202837407588959,20.96481922113935,0.24685438883357938
example_00099,inpaint_or_denoise,blur_contrast,0.008257150650024414,0.08278784155845642,20.831697917178275,0.910898955974336,0.24525833878351863,0.08278784155845642,nan,0.08202837407588959,20.96481922113935,0.21456997210836787
example_00099,nl_means_denoise,blur_contrast,0.008257150650024414,0.08278784155845642,20.831697917178275,0.910898955974336,0.24525833878351863,0.08278784155845642,nan,0.08202837407588959,20.96481922113935,0.21456997210836787
example_00100,unchanged,scratch_dust,0.010653292760252953,0.04583070054650307,19.72516138085701,0.9111770384364659,0.4616193480546793,0.17247173190116882,0.018685292452573776,0.04583070054650307,19.72516138085701,1.8780932103599404
example_00100,median,scratch_dust,0.010389070957899094,0.044646620750427246,19.834232874666757,0.911705362368431,0.29258443465491923,0.1635315865278244,0.019163718447089195,0.04583070054650307,19.72516138085701,1.04793971061555
example_00100,inpaint_or_denoise,scratch_dust,0.0018373951315879822,0.022541601210832596,27.35797438677691,0.9842018849338854,0.6283448959365708,0.04053236544132233,0.018685292452573776,0.04583070054650307,19.72516138085701,1.3488976240759285
example_00100,nl_means_denoise,scratch_dust,0.010343741625547409,0.03831906616687775,19.853223361555486,0.9135099724219186,0.47370398196844477,0.16966073215007782,0.01016608253121376,0.04583070054650307,19.72516138085701,1.4361077657429622
example_00101,unchanged,grain,0.004589165560901165,0.05458002910017967,23.382662742101587,0.9619411063846156,0.21720274665702927,0.05458002910017967,nan,0.05458002910017967,23.382662742101587,2.9513962790145536
example_00101,median,grain,0.002287615556269884,0.032868511974811554,26.40616958820942,0.9801896649386276,0.3659816353301268,0.032868511974811554,nan,0.05458002910017967,23.382662742101587,1.0350803494670493
example_00101,inpaint_or_denoise,grain,0.0043570538982748985,0.05299287661910057,23.608070676569497,0.9637967091173127,0.23000382701875238,0.05299287661910057,nan,0.05458002910017967,23.382662742101587,2.8780269624972
example_00101,nl_means_denoise,grain,0.0043570538982748985,0.05299287661910057,23.608070676569497,0.9637967091173127,0.23000382701875238,0.05299287661910057,nan,0.05458002910017967,23.382662742101587,2.8780269624972
example_00102,unchanged,blur_contrast,0.008313091471791267,0.08284839987754822,20.80237440780959,0.912478188576103,0.34908700322234154,0.08284839987754822,nan,0.08284839987754822,20.80237440780959,0.259565061719649
example_00102,median,blur_contrast,0.008678124286234379,0.08405426144599915,20.615741342898627,0.9080531849370104,0.2812828601472135,0.08405426144599915,nan,0.08284839987754822,20.80237440780959,0.2309086009255554
example_00102,inpaint_or_denoise,blur_contrast,0.008729655295610428,0.08423736691474915,20.590029047674975,0.9071986686578385,0.26939655172413796,0.08423736691474915,nan,0.08284839987754822,20.80237440780959,0.1999656315278557
example_00102,nl_means_denoise,blur_contrast,0.008729655295610428,0.08423736691474915,20.590029047674975,0.9071986686578385,0.26939655172413796,0.08423736691474915,nan,0.08284839987754822,20.80237440780959,0.1999656315278557
example_00103,unchanged,scratch_dust,0.005175593309104443,0.0349123477935791,22.86039857252613,0.9674119643768657,0.4732587064676617,0.13701102137565613,0.01891820877790451,0.0349123477935791,22.86039857252613,1.7075303214785096
example_00103,median,scratch_dust,0.004820381291210651,0.03227324038743973,23.169186077944623,0.9692357432903049,0.3724258289703316,0.1255856305360794,0.017655503004789352,0.0349123477935791,22.86039857252613,0.9163067648671235
example_00103,inpaint_or_denoise,scratch_dust,0.0015052749076858163,0.023114372044801712,28.223841778188646,0.9907434382210497,0.5518977536793184,0.049900591373443604,0.01891820877790451,0.0349123477935791,22.86039857252613,1.3776061482739292
example_00103,nl_means_denoise,scratch_dust,0.004869196563959122,0.02841366082429886,23.125426931230958,0.9692896251624991,0.47959866220735786,0.13545937836170197,0.011644553393125534,0.0349123477935791,22.86039857252613,1.245665162997838
example_00104,unchanged,grain,0.004633977077901363,0.055002011358737946,23.34046118790664,0.9723588400935239,0.22304640331205797,0.055002011358737946,nan,0.055002011358737946,23.34046118790664,3.0547938426917383
example_00104,median,grain,0.0017655187984928489,0.030844533815979958,27.531276538934367,0.9891663812619118,0.3678282294966561,0.030844533815979958,nan,0.055002011358737946,23.34046118790664,1.10035983335763
example_00104,inpaint_or_denoise,grain,0.00441766157746315,0.05339977517724037,23.54807557063452,0.9736162085010355,0.23694337548103353,0.05339977517724037,nan,0.055002011358737946,23.34046118790664,2.9752769330905013
example_00104,nl_means_denoise,grain,0.00441766157746315,0.05339977517724037,23.54807557063452,0.9736162085010355,0.23694337548103353,0.05339977517724037,nan,0.055002011358737946,23.34046118790664,2.9752769330905013
example_00105,unchanged,blur_contrast,0.009922370314598083,0.09214489907026291,20.033845686135425,0.922430466823766,0.2384580905423577,0.09214489907026291,nan,0.09214489907026291,20.033845686135425,0.21830099110734225
example_00105,median,blur_contrast,0.010095282457768917,0.09278325736522675,19.958815253449785,0.9209376575063021,0.21504897595725736,0.09278325736522675,nan,0.09214489907026291,20.033845686135425,0.21121317226213526
example_00105,inpaint_or_denoise,blur_contrast,0.010278752073645592,0.09335315972566605,19.880596091177765,0.919353100462948,0.1682803135085293,0.09335315972566605,nan,0.09214489907026291,20.033845686135425,0.1768805271122372
example_00105,nl_means_denoise,blur_contrast,0.010278752073645592,0.09335315972566605,19.880596091177765,0.919353100462948,0.1682803135085293,0.09335315972566605,nan,0.09214489907026291,20.033845686135425,0.1768805271122372
example_00106,unchanged,scratch_dust,0.009806625545024872,0.04137944430112839,20.084804074300777,0.9474482167095766,0.46121651785714285,0.17800040543079376,0.018785817548632622,0.04137944430112839,20.084804074300777,1.700517906224616
example_00106,median,scratch_dust,0.00866570696234703,0.03809048607945442,20.62196001060636,0.9528445556704048,0.3752282410225198,0.16587983071804047,0.016957387328147888,0.04137944430112839,20.084804074300777,1.0052610212902433
example_00106,inpaint_or_denoise,scratch_dust,0.0021104123443365097,0.02489205077290535,26.7563268149182,0.9888086047068348,0.5121152586771447,0.06181572377681732,0.018785817548632622,0.04137944430112839,20.084804074300777,1.3148068426716064
example_00106,nl_means_denoise,scratch_dust,0.009556259028613567,0.036101218312978745,20.197120869283452,0.9487647901628935,0.47060570071258906,0.1764267385005951,0.012894956395030022,0.04137944430112839,20.084804074300777,1.3215289829660068
example_00107,unchanged,grain,0.004698349162936211,0.05497472360730171,23.280547112915517,0.9756752264221982,0.25281643472498344,0.05497472360730171,nan,0.05497472360730171,23.280547112915517,2.8004335680265684
example_00107,median,grain,0.0018041213043034077,0.030945541337132454,27.437342650100028,0.9904306974836169,0.3460097954479977,0.030945541337132454,nan,0.05497472360730171,23.280547112915517,1.0679860105746837
example_00107,inpaint_or_denoise,grain,0.0045338887721300125,0.05366856977343559,23.43529138431534,0.9765131728831685,0.26219931271477664,0.05366856977343559,nan,0.05497472360730171,23.280547112915517,2.7369144658555813
example_00107,nl_means_denoise,grain,0.0045338887721300125,0.05366856977343559,23.43529138431534,0.9765131728831685,0.26219931271477664,0.05366856977343559,nan,0.05497472360730171,23.280547112915517,2.7369144658555813
example_00108,unchanged,blur_contrast,0.010142052546143532,0.0927114486694336,19.93874143695357,0.9326119111403233,0.35223160434258144,0.0927114486694336,nan,0.0927114486694336,19.93874143695357,0.31910791280381984
example_00108,median,blur_contrast,0.010402049869298935,0.09376604110002518,19.828810684702976,0.930686567474144,0.3118066561014263,0.09376604110002518,nan,0.0927114486694336,19.93874143695357,0.294452758994326
example_00108,inpaint_or_denoise,blur_contrast,0.010515536181628704,0.09398481249809265,19.781685779671207,0.9299782146766266,0.26555510370069135,0.09398481249809265,nan,0.0927114486694336,19.93874143695357,0.2515011618514089
example_00108,nl_means_denoise,blur_contrast,0.010515536181628704,0.09398481249809265,19.781685779671207,0.9299782146766266,0.26555510370069135,0.09398481249809265,nan,0.0927114486694336,19.93874143695357,0.2515011618514089
example_00109,unchanged,scratch_dust,0.015337478369474411,0.05286027491092682,18.142460367522762,0.9128438499822314,0.4421631000578369,0.20218650996685028,0.018717365339398384,0.05286027491092682,18.142460367522762,1.8970832364870676
example_00109,median,scratch_dust,0.014975832775235176,0.05103328824043274,18.24609018044944,0.9139864460492898,0.3281677301731996,0.1960848718881607,0.017867766320705414,0.05286027491092682,18.142460367522762,1.1364659500338217
example_00109,inpaint_or_denoise,scratch_dust,0.0021240930072963238,0.02443033829331398,26.72826470796206,0.9876278775547898,0.5305895439377085,0.049416396766901016,0.018717365339398384,0.05286027491092682,18.142460367522762,1.2938950738199795
example_00109,nl_means_denoise,scratch_dust,0.015072276815772057,0.04709065705537796,18.218211382734424,0.9142650339006871,0.44634146341463415,0.20024695992469788,0.012072020210325718,0.05286027491092682,18.142460367522762,1.5046273654187883
example_00110,unchanged,grain,0.004645322449505329,0.05478731170296669,23.32984134591662,0.9735463174990953,0.24094754653130288,0.05478731170296669,nan,0.05478731170296669,23.32984134591662,2.961939368366195
example_00110,median,grain,0.0019076179014518857,0.0312906876206398,27.19508610716419,0.9888320450752173,0.34769928710304604,0.0312906876206398,nan,0.05478731170296669,23.32984134591662,1.0668424233681166
example_00110,inpaint_or_denoise,grain,0.0044337669387459755,0.053253769874572754,23.532271393398815,0.9747271035308143,0.2512350035285815,0.053253769874572754,nan,0.05478731170296669,23.32984134591662,2.8847909606565696
example_00110,nl_means_denoise,grain,0.0044337669387459755,0.053253769874572754,23.532271393398815,0.9747271035308143,0.2512350035285815,0.053253769874572754,nan,0.05478731170296669,23.32984134591662,2.8847909606565696
example_00111,unchanged,blur_contrast,0.009218279272317886,0.08809766173362732,20.353501388466285,0.9306249083807214,0.35291557876414276,0.08809766173362732,nan,0.08809766173362732,20.353501388466285,0.29408278008776484
example_00111,median,blur_contrast,0.00951682310551405,0.08913478255271912,20.215080030866822,0.9282391750268537,0.2992731936725096,0.08913478255271912,nan,0.08809766173362732,20.353501388466285,0.26847379010394845
example_00111,inpaint_or_denoise,blur_contrast,0.009566846303641796,0.08908285200595856,20.192312031479076,0.9277839402861794,0.2606034105815479,0.08908285200595856,nan,0.08809766173362732,20.353501388466285,0.22780158123956792
example_00111,nl_means_denoise,blur_contrast,0.009566846303641796,0.08908285200595856,20.192312031479076,0.9277839402861794,0.2606034105815479,0.08908285200595856,nan,0.08809766173362732,20.353501388466285,0.22780158123956792
example_00112,unchanged,scratch_dust,0.0038621281273663044,0.029576918110251427,24.131733224558637,0.9856280904328543,0.44212218649517687,0.16029076278209686,0.01813240721821785,0.029576918110251427,24.131733224558637,2.229771639021641
example_00112,median,scratch_dust,0.003374760504812002,0.024460256099700928,24.71757042130488,0.9874401509621376,0.2525930445393533,0.14892445504665375,0.013562927022576332,0.029576918110251427,24.131733224558637,1.0918491701203537
example_00112,inpaint_or_denoise,scratch_dust,0.0006721827085129917,0.018730133771896362,31.725126636814487,0.9975592037487192,0.5826656955571741,0.02555708959698677,0.01813240721821785,0.029576918110251427,24.131733224558637,1.8586268523001181
example_00112,nl_means_denoise,scratch_dust,0.003595526795834303,0.023243863135576248,24.442374702983408,0.9866386814093797,0.3790419161676647,0.15759116411209106,0.011481227353215218,0.029576918110251427,24.131733224558637,1.1758817825398256
example_00113,unchanged,grain,0.004350743722170591,0.05149930715560913,23.614364977978624,0.9841637297600867,0.14074074074074075,0.05149930715560913,nan,0.05149930715560913,23.614364977978624,4.4540312583397
example_00113,median,grain,0.0012400110717862844,0.02632458135485649,29.065744371004897,0.9954767374283292,0.2626619552414605,0.02632458135485649,nan,0.05149930715560913,23.614364977978624,1.4456269813280542
example_00113,inpaint_or_denoise,grain,0.003734835423529148,0.04699036851525307,24.277285307235204,0.9864037950774615,0.1607833655705996,0.04699036851525307,nan,0.05149930715560913,23.614364977978624,3.8580178941683823
example_00113,nl_means_denoise,grain,0.003734835423529148,0.04699036851525307,24.277285307235204,0.9864037950774615,0.1607833655705996,0.04699036851525307,nan,0.05149930715560913,23.614364977978624,3.8580178941683823
example_00114,unchanged,blur_contrast,0.0121605284512043,0.10743647813796997,19.15047551835058,0.9434822137871279,0.21374045801526717,0.10743647813796997,nan,0.10743647813796997,19.15047551835058,0.29704745130370686
example_00114,median,blur_contrast,0.01219635084271431,0.10748602449893951,19.13770091123377,0.9432830612632936,0.18761904761904763,0.10748602449893951,nan,0.10743647813796997,19.15047551835058,0.26880859196774654
example_00114,inpaint_or_denoise,blur_contrast,0.012318105436861515,0.10727611184120178,19.094560828848966,0.9427665531069949,0.16144349477682812,0.10727611184120178,nan,0.10743647813796997,19.15047551835058,0.18083538075287675
example_00114,nl_means_denoise,blur_contrast,0.012318105436861515,0.10727611184120178,19.094560828848966,0.9427665531069949,0.16144349477682812,0.10727611184120178,nan,0.10743647813796997,19.15047551835058,0.18083538075287675
example_00115,unchanged,scratch_dust,0.011942069046199322,0.04652171581983566,19.22920422159709,0.9333364515199087,0.447100063734863,0.19603875279426575,0.0187050923705101,0.04652171581983566,19.22920422159709,2.0079343853278675
example_00115,median,scratch_dust,0.010854425840079784,0.04337158054113388,19.64393144211398,0.9388179909706204,0.2987740805604203,0.18323186039924622,0.017351536080241203,0.04652171581983566,19.22920422159709,1.1456829305606557
example_00115,inpaint_or_denoise,scratch_dust,0.0008517120149917901,0.01961071416735649,30.697072261748993,0.99529176318095,0.5991071428571428,0.024478523060679436,0.0187050923705101,0.04652171581983566,19.22920422159709,1.4461214484272749
example_00115,nl_means_denoise,scratch_dust,0.011642922647297382,0.040500298142433167,19.33937987876018,0.9349421778852757,0.45407458563535913,0.19365531206130981,0.012006857432425022,0.04652171581983566,19.22920422159709,1.495884496905857
example_00116,unchanged,grain,0.004724801518023014,0.05489717051386833,23.25616430845278,0.9743373147731583,0.20922915574200315,0.05489717051386833,nan,0.05489717051386833,23.25616430845278,3.2760126139579713
example_00116,median,grain,0.0016866897931322455,0.030262425541877747,27.72964783159983,0.9906273187218634,0.3287128712871287,0.030262425541877747,nan,0.05489717051386833,23.25616430845278,1.1183256687720364
example_00116,inpaint_or_denoise,grain,0.00449582003057003,0.05327722802758217,23.471910820686013,0.9755613773763308,0.22216035634743875,0.05327722802758217,nan,0.05489717051386833,23.25616430845278,3.160265008024574
example_00116,nl_means_denoise,grain,0.00449582003057003,0.05327722802758217,23.471910820686013,0.9755613773763308,0.22216035634743875,0.05327722802758217,nan,0.05489717051386833,23.25616430845278,3.160265008024574
example_00117,unchanged,blur_contrast,0.009019252844154835,0.08928102254867554,20.448294379680938,0.9359676112371516,0.29195524773574855,0.08928102254867554,nan,0.08928102254867554,20.448294379680938,0.27312763092348186
example_00117,median,blur_contrast,0.009208668023347855,0.09003691375255585,20.358031832607068,0.9345401330708747,0.2636842105263158,0.09003691375255585,nan,0.08928102254867554,20.448294379680938,0.24684896007888513
example_00117,inpaint_or_denoise,blur_contrast,0.009353231638669968,0.09020157903432846,20.290383099451297,0.9335723846524314,0.2254120148856991,0.09020157903432846,nan,0.08928102254867554,20.448294379680938,0.19327909629065815
example_00117,nl_means_denoise,blur_contrast,0.009353231638669968,0.09020157903432846,20.290383099451297,0.9335723846524314,0.2254120148856991,0.09020157903432846,nan,0.08928102254867554,20.448294379680938,0.19327909629065815
example_00118,unchanged,scratch_dust,0.009263957850635052,0.037689805030822754,20.33203429575,0.9485901521820221,0.4996171516079633,0.24441082775592804,0.018962034955620766,0.037689805030822754,20.33203429575,1.9019654665382688
example_00118,median,scratch_dust,0.008662709966301918,0.03410261869430542,20.623462258460876,0.9515791142504317,0.3105022831050228,0.23246169090270996,0.01613238826394081,0.037689805030822754,20.33203429575,0.9782115175122692
example_00118,inpaint_or_denoise,scratch_dust,0.000886309368070215,0.020303644239902496,30.52414660286449,0.9950194406260191,0.583597643860444,0.035112593322992325,0.018962034955620766,0.037689805030822754,20.33203429575,1.5684951444937045
example_00118,nl_means_denoise,scratch_dust,0.008968178182840347,0.030305031687021255,20.472957716156273,0.9501460347750053,0.5125208681135225,0.24378268420696259,0.01096514705568552,0.037689805030822754,20.33203429575,1.2410886141436248
example_00119,unchanged,grain,0.004894687794148922,0.056155454367399216,23.102750042903644,0.97310665013041,0.18629586195342604,0.056155454367399216,nan,0.056155454367399216,23.102750042903644,3.5156894871005386
example_00119,median,grain,0.001608663355000317,0.02968534454703331,27.935348312040247,0.9909311561460766,0.31620718462823727,0.02968534454703331,nan,0.056155454367399216,23.102750042903644,1.1631200671934954
example_00119,inpaint_or_denoise,grain,0.004765985533595085,0.055231787264347076,23.218472802206502,0.97379620120384,0.19228773992737333,0.055231787264347076,nan,0.056155454367399216,23.102750042903644,3.4612748730359595
example_00119,nl_means_denoise,grain,0.004765985533595085,0.055231787264347076,23.218472802206502,0.97379620120384,0.19228773992737333,0.055231787264347076,nan,0.056155454367399216,23.102750042903644,3.4612748730359595
example_00120,unchanged,blur_contrast,0.008228522725403309,0.0863233357667923,20.846781270955294,0.9411181927940037,0.36159460976979224,0.0863233357667923,nan,0.0863233357667923,20.846781270955294,0.38346912097740127
example_00120,median,blur_contrast,0.00851040706038475,0.08754906803369522,20.700496667249347,0.9389864193933074,0.2685337726523888,0.08754906803369522,nan,0.0863233357667923,20.846781270955294,0.31410577650589566
example_00120,inpaint_or_denoise,blur_contrast,0.00856197252869606,0.08720917999744415,20.674261699442287,0.9387099285211422,0.2702853945159485,0.08720917999744415,nan,0.0863233357667923,20.846781270955294,0.24820286627874366
example_00120,nl_means_denoise,blur_contrast,0.00856197252869606,0.08720917999744415,20.674261699442287,0.9387099285211422,0.2702853945159485,0.08720917999744415,nan,0.0863233357667923,20.846781270955294,0.24820286627874366
example_00121,unchanged,scratch_dust,0.006961881183087826,0.036740291863679886,21.572733929979595,0.9489060532161251,0.5292414591777649,0.1509154736995697,0.0189847182482481,0.036740291863679886,21.572733929979595,1.580634361152334
example_00121,median,scratch_dust,0.006494380533695221,0.035580143332481384,21.874622677823666,0.951207067003593,0.409544603867748,0.14088302850723267,0.019204318523406982,0.036740291863679886,21.572733929979595,0.8600437957424426
example_00121,inpaint_or_denoise,scratch_dust,0.002035759389400482,0.025469131767749786,26.912735534623444,0.9849790989346247,0.5783912747102932,0.06716641783714294,0.0189847182482481,0.036740291863679886,21.572733929979595,1.2671049083535117
example_00121,nl_means_denoise,scratch_dust,0.006665291730314493,0.029738958925008774,21.76180837383944,0.9509875929167333,0.5476190476190477,0.14810191094875336,0.011332141235470772,0.036740291863679886,21.572733929979595,1.2150094139185454
example_00122,unchanged,grain,0.004629688337445259,0.055213358253240585,23.344482439460883,0.967213477473361,0.2690176322418136,0.055213358253240585,nan,0.055213358253240585,23.344482439460883,2.635434982049681
example_00122,median,grain,0.002119125798344612,0.03308919072151184,26.738432613612908,0.984403159406074,0.3593656493117893,0.03308919072151184,nan,0.055213358253240585,23.344482439460883,0.9894596347648619
example_00122,inpaint_or_denoise,grain,0.004424786660820246,0.05370734632015228,23.54107663782448,0.9686197208019356,0.28419372006386373,0.05370734632015228,nan,0.055213358253240585,23.344482439460883,2.5734982373740154
example_00122,nl_means_denoise,grain,0.004424786660820246,0.05370734632015228,23.54107663782448,0.9686197208019356,0.28419372006386373,0.05370734632015228,nan,0.055213358253240585,23.344482439460883,2.5734982373740154
example_00123,unchanged,blur_contrast,0.007661302573978901,0.08039383590221405,21.156973853806612,0.9297799328176046,0.4876984126984127,0.08039383590221405,nan,0.08039383590221405,21.156973853806612,0.39910503388379615
example_00123,median,blur_contrast,0.008136392571032047,0.08232565224170685,20.895681053999745,0.9249246517063646,0.35608424336973477,0.08232565224170685,nan,0.08039383590221405,21.156973853806612,0.33702082097147135
example_00123,inpaint_or_denoise,blur_contrast,0.008096545934677124,0.08201593160629272,20.917002158669128,0.9251362588318813,0.37669053301511535,0.08201593160629272,nan,0.08039383590221405,21.156973853806612,0.3026356498844388
example_00123,nl_means_denoise,blur_contrast,0.008096545934677124,0.08201593160629272,20.917002158669128,0.9251362588318813,0.37669053301511535,0.08201593160629272,nan,0.08039383590221405,21.156973853806612,0.3026356498844388
example_00124,unchanged,scratch_dust,0.007365823723375797,0.03745979070663452,21.32778678758492,0.9303172488620417,0.500697350069735,0.17254309356212616,0.01884831115603447,0.03745979070663452,21.32778678758492,1.901394979263399
example_00124,median,scratch_dust,0.0065088155679404736,0.032963771373033524,21.864980343362156,0.9369780520976273,0.37044072948328266,0.1578826755285263,0.015752721577882767,0.03745979070663452,21.32778678758492,0.9973173174907495
example_00124,inpaint_or_denoise,scratch_dust,0.0011296886950731277,0.02166532725095749,29.47041217258416,0.9890012513441485,0.6011068539804172,0.04211140051484108,0.01884831115603447,0.03745979070663452,21.32778678758492,1.5285918079552339
example_00124,nl_means_denoise,scratch_dust,0.007010390982031822,0.0295513067394495,21.54257759978592,0.9334379809372296,0.49669117647058825,0.16934889554977417,0.010290305130183697,0.03745979070663452,21.32778678758492,1.2828566944127255
example_00125,unchanged,grain,0.004905520472675562,0.056025005877017975,23.093149074646064,0.9542289003791463,0.21522444103089264,0.056025005877017975,nan,0.056025005877017975,23.093149074646064,3.5729978948465217
example_00125,median,grain,0.0014904321869835258,0.028651338070631027,28.266877791005456,0.9853544470167893,0.3456561922365989,0.028651338070631027,nan,0.056025005877017975,23.093149074646064,1.18946363254571
example_00125,inpaint_or_denoise,grain,0.0047809164971113205,0.055187031626701355,23.204888415709902,0.9553382984360612,0.22277227722772278,0.055187031626701355,nan,0.056025005877017975,23.093149074646064,3.523686541064931
example_00125,nl_means_denoise,grain,0.0047809164971113205,0.055187031626701355,23.204888415709902,0.9553382984360612,0.22277227722772278,0.055187031626701355,nan,0.056025005877017975,23.093149074646064,3.523686541064931
example_00126,unchanged,blur_contrast,0.0075695812702178955,0.08068368583917618,21.209281438900828,0.9135671976800195,0.1611328125,0.08068368583917618,nan,0.08068368583917618,21.209281438900828,0.21361215171615458
example_00126,median,blur_contrast,0.0077003189362585545,0.08118201792240143,21.134912865952273,0.9115486682419971,0.1441747572815534,0.08118201792240143,nan,0.08068368583917618,21.209281438900828,0.20553533301557206
example_00126,inpaint_or_denoise,blur_contrast,0.007918414659798145,0.08193933963775635,21.013617594988283,0.9082678922855257,0.12880678981527707,0.08193933963775635,nan,0.08068368583917618,21.209281438900828,0.15884593095604335
example_00126,nl_means_denoise,blur_contrast,0.007918414659798145,0.08193933963775635,21.013617594988283,0.9082678922855257,0.12880678981527707,0.08193933963775635,nan,0.08068368583917618,21.209281438900828,0.15884593095604335
example_00127,unchanged,scratch_dust,0.009334826841950417,0.041516829282045364,20.298937336637948,0.9619439012406528,0.2720797720797721,0.19987423717975616,0.018768014386296272,0.041516829282045364,20.298937336637948,3.042986628788113
example_00127,median,scratch_dust,0.007513976655900478,0.03299728035926819,21.24130158517957,0.9692329611530909,0.2415644171779141,0.18367156386375427,0.011352183297276497,0.041516829282045364,20.298937336637948,1.7079847435670694
example_00127,inpaint_or_denoise,scratch_dust,0.0012642223155125976,0.02115693874657154,28.981765479598096,0.9949536468016522,0.522189349112426,0.03778654336929321,0.018768014386296272,0.041516829282045364,20.298937336637948,2.113948302872375
example_00127,nl_means_denoise,scratch_dust,0.008936954662203789,0.03309517726302147,20.488104452659943,0.9635964177057402,0.27961019490254874,0.1986718624830246,0.009309276938438416,0.041516829282045364,20.298937336637948,1.8319918122985799
example_00128,unchanged,grain,0.00459693418815732,0.053811945021152496,23.375317137664872,0.981859302596239,0.08209902666102412,0.053811945021152496,nan,0.053811945021152496,23.375317137664872,5.521181769404069
example_00128,median,grain,0.0012589762918651104,0.02569149062037468,28.999824481360648,0.9949829660220285,0.3888213851761847,0.02569149062037468,nan,0.053811945021152496,23.375317137664872,1.803534246121938
example_00128,inpaint_or_denoise,grain,0.004265511408448219,0.05181286111474037,23.700288921512747,0.9831605024922563,0.08840282524493051,0.05181286111474037,nan,0.053811945021152496,23.375317137664872,5.198718647856859
example_00128,nl_means_denoise,grain,0.004265511408448219,0.05181286111474037,23.700288921512747,0.9831605024922563,0.08840282524493051,0.05181286111474037,nan,0.053811945021152496,23.375317137664872,5.198718647856859
example_00129,unchanged,blur_contrast,0.011782501824200153,0.10334137827157974,19.28762484329625,0.9394427559571348,0.518850987432675,0.10334137827157974,nan,0.10334137827157974,19.28762484329625,0.2600034105453144
example_00129,median,blur_contrast,0.011818267405033112,0.10344238579273224,19.274461877176257,0.9392556466194456,0.5054151624548736,0.10344238579273224,nan,0.10334137827157974,19.28762484329625,0.2551881213328662
example_00129,inpaint_or_denoise,blur_contrast,0.01179829053580761,0.10285715758800507,19.281809134267082,0.9394994794749728,0.45233968804159447,0.10285715758800507,nan,0.10334137827157974,19.28762484329625,0.23095179038176375
example_00129,nl_means_denoise,blur_contrast,0.01179829053580761,0.10285715758800507,19.281809134267082,0.9394994794749728,0.45233968804159447,0.10285715758800507,nan,0.10334137827157974,19.28762484329625,0.23095179038176375
example_00130,unchanged,scratch_dust,0.009833523072302341,0.04038277268409729,20.072908588982195,0.9212794376763486,0.5033428844317096,0.18584096431732178,0.018962806090712547,0.04038277268409729,20.072908588982195,1.7033632081382637
example_00130,median,scratch_dust,0.009719111025333405,0.03836047649383545,20.123734567247844,0.9206365633367225,0.3816146540027137,0.17783932387828827,0.017821019515395164,0.04038277268409729,20.072908588982195,1.0079575456728265
example_00130,inpaint_or_denoise,scratch_dust,0.0009645732352510095,0.020552093163132668,30.156647929470637,0.9920784519905724,0.5937263794406652,0.03134457767009735,0.018962806090712547,0.04038277268409729,20.072908588982195,1.3593250057734696
example_00130,nl_means_denoise,scratch_dust,0.009590288624167442,0.03512345626950264,20.18168322339551,0.9229408038183665,0.4948418156808803,0.18316130340099335,0.01332361251115799,0.04038277268409729,20.072908588982195,1.2747964161757017
example_00131,unchanged,grain,0.004820714704692364,0.05571408569812775,23.168885697914344,0.961699150185795,0.22898358481180567,0.05571408569812775,nan,0.05571408569812775,23.168885697914344,2.9136084401645284
example_00131,median,grain,0.0017835755134001374,0.0310774277895689,27.487084986840586,0.9851911577673653,0.35657894736842105,0.0310774277895689,nan,0.05571408569812775,23.168885697914344,1.0519354926990214
example_00131,inpaint_or_denoise,grain,0.004742199555039406,0.05518846586346626,23.240201745609205,0.9622970499364178,0.2348240095221901,0.05518846586346626,nan,0.05571408569812775,23.168885697914344,2.888865053488016
example_00131,nl_means_denoise,grain,0.004742199555039406,0.05518846586346626,23.240201745609205,0.9622970499364178,0.2348240095221901,0.05518846586346626,nan,0.05571408569812775,23.168885697914344,2.888865053488016
example_00132,unchanged,blur_contrast,0.010543760843575,0.0967610701918602,19.77004453422829,0.9201248183291719,0.4860666971219735,0.0967610701918602,nan,0.0967610701918602,19.77004453422829,0.4148134509120642
example_00132,median,blur_contrast,0.010934173129498959,0.09832046180963516,19.61214053858511,0.9154798142505057,0.3743362831858407,0.09832046180963516,nan,0.0967610701918602,19.77004453422829,0.35424968179899874
example_00132,inpaint_or_denoise,blur_contrast,0.010934392921626568,0.09765218943357468,19.612053240215417,0.9148458945677147,0.3811030741410488,0.09765218943357468,nan,0.0967610701918602,19.77004453422829,0.306706395179957
example_00132,nl_means_denoise,blur_contrast,0.010934392921626568,0.09765218943357468,19.612053240215417,0.9148458945677147,0.3811030741410488,0.09765218943357468,nan,0.0967610701918602,19.77004453422829,0.306706395179957
example_00133,unchanged,scratch_dust,0.008192271925508976,0.03917667269706726,20.865956406226335,0.9551950608242138,0.5008215576733487,0.17151176929473877,0.01913435570895672,0.03917667269706726,20.865956406226335,1.6506154027779962
example_00133,median,scratch_dust,0.008104377426207066,0.03777214139699936,20.91280341796073,0.9551310012843,0.34652114597544337,0.16621991991996765,0.01831856742501259,0.03917667269706726,20.865956406226335,0.8746157226498655
example_00133,inpaint_or_denoise,scratch_dust,0.00257863849401474,0.02656465396285057,25.886095384588753,0.9861442907272385,0.5464939024390244,0.07562531530857086,0.01913435570895672,0.03917667269706726,20.865956406226335,1.3395077952660859
example_00133,nl_means_denoise,scratch_dust,0.007931625470519066,0.03270886093378067,21.006378012654125,0.9565831797926169,0.5020703933747412,0.17076019942760468,0.011800809763371944,0.03917667269706726,20.865956406226335,1.2155125349788796
example_00134,unchanged,grain,0.004552433267235756,0.0544021874666214,23.417564116799262,0.9760682129297262,0.23159165373340232,0.0544021874666214,nan,0.0544021874666214,23.417564116799262,2.8385319776173072
example_00134,median,grain,0.001986769726499915,0.03165546432137489,27.018524662096326,0.9892981899399593,0.35284167794316645,0.03165546432137489,nan,0.0544021874666214,23.417564116799262,1.036052667433879
example_00134,inpaint_or_denoise,grain,0.004292612429708242,0.05243111029267311,23.672783212194734,0.9774050561266303,0.24651248164464024,0.05243111029267311,nan,0.0544021874666214,23.417564116799262,2.7477596178061754
example_00134,nl_means_denoise,grain,0.004292612429708242,0.05243111029267311,23.672783212194734,0.9774050561266303,0.24651248164464024,0.05243111029267311,nan,0.0544021874666214,23.417564116799262,2.7477596178061754
example_00135,unchanged,blur_contrast,0.013384358957409859,0.10781370103359222,18.734024244715542,0.9236799529153572,0.49931662870159454,0.10781370103359222,nan,0.10781370103359222,18.734024244715542,0.39835474434600887
example_00135,median,blur_contrast,0.013826308771967888,0.10946117341518402,18.592937485916977,0.9205440523097028,0.40458351696782724,0.10946117341518402,nan,0.10781370103359222,18.734024244715542,0.33828357001261866
example_00135,inpaint_or_denoise,blur_contrast,0.013594428077340126,0.1083989143371582,18.66639058623003,0.9218230337916318,0.4019073569482289,0.1083989143371582,nan,0.10781370103359222,18.734024244715542,0.30915736975880564
example_00135,nl_means_denoise,blur_contrast,0.013594428077340126,0.1083989143371582,18.66639058623003,0.9218230337916318,0.4019073569482289,0.1083989143371582,nan,0.10781370103359222,18.734024244715542,0.30915736975880564
example_00136,unchanged,scratch_dust,0.004984033759683371,0.03347119688987732,23.02419024616434,0.9560478129597676,0.45872865275142316,0.16775104403495789,0.019099628552794456,0.03347119688987732,23.02419024616434,2.0309593738443716
example_00136,median,scratch_dust,0.004259978886693716,0.027727194130420685,23.70592553342149,0.9618258009714272,0.2723939235201676,0.15536244213581085,0.014066772535443306,0.03347119688987732,23.02419024616434,0.9775595535635405
example_00136,inpaint_or_denoise,scratch_dust,0.0010871298145502806,0.02174646593630314,29.637185935616532,0.9904463630831692,0.5637135922330098,0.046477027237415314,0.019099628552794456,0.03347119688987732,23.02419024616434,1.6987605091754077
example_00136,nl_means_denoise,scratch_dust,0.004635662771761417,0.025119198486208916,23.338881649625662,0.9589437274191365,0.43596445373758497,0.16652554273605347,0.009984895586967468,0.03347119688987732,23.02419024616434,1.1658596977951743
example_00137,unchanged,grain,0.004842803813517094,0.0556032657623291,23.149031242701543,0.9590383326595101,0.1492302309307208,0.0556032657623291,nan,0.0556032657623291,23.149031242701543,4.0825025130192625
example_00137,median,grain,0.0014278660528361797,0.028265979140996933,28.453125315252443,0.9874056969412249,0.30077519379844964,0.028265979140996933,nan,0.0556032657623291,23.149031242701543,1.281315368618685
example_00137,inpaint_or_denoise,grain,0.004666168708354235,0.05438830703496933,23.310395630598975,0.9604746458863763,0.1563989732306564,0.05438830703496933,nan,0.0556032657623291,23.149031242701543,3.99759853228161
example_00137,nl_means_denoise,grain,0.004666168708354235,0.05438830703496933,23.310395630598975,0.9604746458863763,0.1563989732306564,0.05438830703496933,nan,0.0556032657623291,23.149031242701543,3.99759853228161
example_00138,unchanged,blur_contrast,0.005787491798400879,0.06935077905654907,22.375096114231074,0.9381458713678005,0.3728301886792453,0.06935077905654907,nan,0.06935077905654907,22.375096114231074,0.3737951526998139
example_00138,median,blur_contrast,0.005962114781141281,0.07007505744695663,22.245996672942564,0.9359820148788932,0.29992576095025986,0.07007505744695663,nan,0.06935077905654907,22.375096114231074,0.3153664864476068
example_00138,inpaint_or_denoise,blur_contrast,0.006035121623426676,0.07009157538414001,22.19313973312972,0.9351759302979057,0.26224566691785983,0.07009157538414001,nan,0.06935077905654907,22.375096114231074,0.24480348910771488
example_00138,nl_means_denoise,blur_contrast,0.006035121623426676,0.07009157538414001,22.19313973312972,0.9351759302979057,0.26224566691785983,0.07009157538414001,nan,0.06935077905654907,22.375096114231074,0.24480348910771488
example_00139,unchanged,scratch_dust,0.011013902723789215,0.040233418345451355,19.580587635827303,0.8316966433459893,0.37944162436548223,0.2256219983100891,0.019037865102291107,0.040233418345451355,19.580587635827303,3.10429428089671
example_00139,median,scratch_dust,0.010488215833902359,0.03277947008609772,19.792983840078733,0.8367206714168711,0.2604748603351955,0.2181054800748825,0.01159107219427824,0.040233418345451355,19.580587635827303,1.6695942645250201
example_00139,inpaint_or_denoise,scratch_dust,0.001129958196543157,0.020571241155266762,29.46937623194859,0.979836757069375,0.5921843687374749,0.03398304060101509,0.019037865102291107,0.040233418345451355,19.580587635827303,2.3456277660322304
example_00139,nl_means_denoise,scratch_dust,0.010610291734337807,0.030740655958652496,19.742726748289837,0.8364121068875874,0.37139019476158497,0.22375570237636566,0.0086731668561697,0.040233418345451355,19.580587635827303,1.7128434359013056
example_00140,unchanged,grain,0.004698369652032852,0.05524710938334465,23.280528173747953,0.9228553297476306,0.09494265839443504,0.05524710938334465,nan,0.05524710938334465,23.280528173747953,6.095291175571145
example_00140,median,grain,0.0011785769602283835,0.026140280067920685,29.28642053096189,0.9790920200403641,0.31718395155185464,0.026140280067920685,nan,0.05524710938334465,23.280528173747953,1.9043110056144745
example_00140,inpaint_or_denoise,grain,0.004510166123509407,0.053982365876436234,23.458074614048016,0.9257158274714979,0.09998020194020986,0.053982365876436234,nan,0.05524710938334465,23.280528173747953,5.959149325252515
example_00140,nl_means_denoise,grain,0.004510166123509407,0.053982365876436234,23.458074614048016,0.9257158274714979,0.09998020194020986,0.053982365876436234,nan,0.05524710938334465,23.280528173747953,5.959149325252515
example_00141,unchanged,blur_contrast,0.0059333620592951775,0.07415460050106049,22.26699149798996,0.9107273267641942,0.4146039603960396,0.07415460050106049,nan,0.07415460050106049,22.26699149798996,0.4270616965571352
example_00141,median,blur_contrast,0.006042848341166973,0.07460194826126099,22.187583052089025,0.9077010973583453,0.3280871670702179,0.07460194826126099,nan,0.07415460050106049,22.26699149798996,0.38306589781506345
example_00141,inpaint_or_denoise,blur_contrast,0.006061887368559837,0.07395090907812119,22.173921371975908,0.9060923029625736,0.36600496277915634,0.07395090907812119,nan,0.07415460050106049,22.26699149798996,0.30729001874139217
example_00141,nl_means_denoise,blur_contrast,0.006061887368559837,0.07395090907812119,22.173921371975908,0.9060923029625736,0.36600496277915634,0.07395090907812119,nan,0.07415460050106049,22.26699149798996,0.30729001874139217
example_00142,unchanged,scratch_dust,0.007270718924701214,0.04118485003709793,21.38422644217467,0.9630396462933855,0.387434554973822,0.1551637351512909,0.01910325326025486,0.04118485003709793,21.38422644217467,1.769146562621505
example_00142,median,scratch_dust,0.006821108981966972,0.03836933150887489,21.66145011619889,0.964966719977762,0.3161917998610146,0.14647994935512543,0.017424622550606728,0.04118485003709793,21.38422644217467,1.0306276767894234
example_00142,inpaint_or_denoise,scratch_dust,0.0018803117563948035,0.02554309368133545,27.25770138578264,0.9906519732457565,0.4957125357288689,0.05878370627760887,0.01910325326025486,0.04118485003709793,21.38422644217467,1.335655643926493
example_00142,nl_means_denoise,scratch_dust,0.006949547678232193,0.03484341502189636,21.580434611998847,0.9646099316310778,0.44440509915014165,0.15277893841266632,0.01199528481811285,0.04118485003709793,21.38422644217467,1.3572564265004579
example_00143,unchanged,grain,0.004552178084850311,0.05426480248570442,23.417807563328985,0.977779790322241,0.2054433713784021,0.05426480248570442,nan,0.05426480248570442,23.417807563328985,2.9207216417426114
example_00143,median,grain,0.0017610049108043313,0.0300395879894495,27.542394329411565,0.9912033406956501,0.32195602231703313,0.0300395879894495,nan,0.05426480248570442,23.417807563328985,1.1130261742285876
example_00143,inpaint_or_denoise,grain,0.004374382551759481,0.05289043113589287,23.59083239393199,0.9786313712446177,0.2165864494631618,0.05289043113589287,nan,0.05426480248570442,23.417807563328985,2.854824412025428
example_00143,nl_means_denoise,grain,0.004374382551759481,0.05289043113589287,23.59083239393199,0.9786313712446177,0.2165864494631618,0.05289043113589287,nan,0.05426480248570442,23.417807563328985,2.854824412025428
example_00144,unchanged,blur_contrast,0.010368164628744125,0.09106732159852982,19.842981155641933,0.9337931579141252,0.4357218124341412,0.09106732159852982,nan,0.09106732159852982,19.842981155641933,0.3234433911303186
example_00144,median,blur_contrast,0.010656357742846012,0.09209270775318146,19.72391208299895,0.9318318040095149,0.38521199586349536,0.09209270775318146,nan,0.09106732159852982,19.842981155641933,0.3023245360427741
example_00144,inpaint_or_denoise,blur_contrast,0.010688207112252712,0.0919794961810112,19.710951391839306,0.9317185862203384,0.34484590860786396,0.0919794961810112,nan,0.09106732159852982,19.842981155641933,0.272405277707681
example_00144,nl_means_denoise,blur_contrast,0.010688207112252712,0.0919794961810112,19.710951391839306,0.9317185862203384,0.34484590860786396,0.0919794961810112,nan,0.09106732159852982,19.842981155641933,0.272405277707681
example_00145,unchanged,scratch_dust,0.011318748816847801,0.04512915760278702,19.46201577738796,0.9172949312524754,0.3780096308186196,0.20133981108665466,0.018776478245854378,0.04512915760278702,19.46201577738796,2.6212599468566413
example_00145,median,scratch_dust,0.009069317951798439,0.03648897260427475,20.42425372356456,0.9322083622744656,0.3522677234698371,0.17869088053703308,0.012499561533331871,0.04512915760278702,19.46201577738796,1.5160526520445106
example_00145,inpaint_or_denoise,scratch_dust,0.0011124336160719395,0.021603811532258987,29.53725895883067,0.99156871442369,0.49783783783783786,0.038363389670848846,0.018776478245854378,0.04512915760278702,19.46201577738796,1.84899218870732
example_00145,nl_means_denoise,scratch_dust,0.011004108004271984,0.037500955164432526,19.584451557024597,0.9193522067704515,0.39310051107325383,0.19962361454963684,0.010150928981602192,0.04512915760278702,19.46201577738796,1.800877956854482
example_00146,unchanged,grain,0.0048234532587230206,0.0552159920334816,23.166419256142724,0.9645040603780187,0.1430084745762712,0.0552159920334816,nan,0.0552159920334816,23.166419256142724,4.682088431857044
example_00146,median,grain,0.0011420365190133452,0.026186475530266762,29.42320008391047,0.9913425064132078,0.3427927927927928,0.026186475530266762,nan,0.0552159920334816,23.166419256142724,1.5976127877833692
example_00146,inpaint_or_denoise,grain,0.004710082896053791,0.05447136238217354,23.26971449350525,0.9653145706321468,0.14579203460082898,0.05447136238217354,nan,0.0552159920334816,23.166419256142724,4.610923994183001
example_00146,nl_means_denoise,grain,0.004710082896053791,0.05447136238217354,23.26971449350525,0.9653145706321468,0.14579203460082898,0.05447136238217354,nan,0.0552159920334816,23.166419256142724,4.610923994183001
example_00147,unchanged,blur_contrast,0.007027457933872938,0.07607661187648773,21.532017453849164,0.9363040815777665,0.4540503744043567,0.07607661187648773,nan,0.07607661187648773,21.532017453849164,0.36826449985597687
example_00147,median,blur_contrast,0.007152009755373001,0.07668744027614594,21.455719018321368,0.934861536809746,0.3932070542129327,0.07668744027614594,nan,0.07607661187648773,21.532017453849164,0.3540490185901623
example_00147,inpaint_or_denoise,blur_contrast,0.007271705195307732,0.07699740678071976,21.383637363106146,0.9333987387760139,0.31994645247657294,0.07699740678071976,nan,0.07607661187648773,21.532017453849164,0.3065533935215302
example_00147,nl_means_denoise,blur_contrast,0.007271705195307732,0.07699740678071976,21.383637363106146,0.9333987387760139,0.31994645247657294,0.07699740678071976,nan,0.07607661187648773,21.532017453849164,0.3065533935215302
example_00148,unchanged,scratch_dust,0.004855629522353411,0.03129499778151512,23.137544567218246,0.9426165898937354,0.5472346272758503,0.15247586369514465,0.01892993599176407,0.03129499778151512,23.137544567218246,1.529819449874141
example_00148,median,scratch_dust,0.004708104766905308,0.028754977509379387,23.27153881601199,0.9427842183096727,0.4023378582202112,0.14718161523342133,0.0166709516197443,0.03129499778151512,23.137544567218246,0.835651068494586
example_00148,inpaint_or_denoise,scratch_dust,0.0018569715321063995,0.02408830262720585,27.31194754065211,0.9775534377451968,0.5827989437947945,0.0746416375041008,0.01892993599176407,0.03129499778151512,23.137544567218246,1.3176710054314755
example_00148,nl_means_denoise,scratch_dust,0.004600733984261751,0.02554333209991455,23.371728770388597,0.9452226174423922,0.5405709992486852,0.15078262984752655,0.012764155864715576,0.03129499778151512,23.137544567218246,1.0646699774223658
example_00149,unchanged,grain,0.004898788407444954,0.055992454290390015,23.099113185480803,0.9444790314286089,0.23521505376344087,0.055992454290390015,nan,0.055992454290390015,23.099113185480803,2.7860731416384077
example_00149,median,grain,0.0017627732595428824,0.030913708731532097,27.538035461590855,0.9786076243613159,0.34297108673978066,0.030913708731532097,nan,0.055992454290390015,23.099113185480803,1.0241158275746207
example_00149,inpaint_or_denoise,grain,0.00483950087800622,0.05557669699192047,23.15199427013726,0.9451148497980035,0.23706969645582499,0.05557669699192047,nan,0.055992454290390015,23.099113185480803,2.767267360410607
example_00149,nl_means_denoise,grain,0.00483950087800622,0.05557669699192047,23.15199427013726,0.9451148497980035,0.23706969645582499,0.05557669699192047,nan,0.055992454290390015,23.099113185480803,2.767267360410607
example_00150,unchanged,blur_contrast,0.008987613022327423,0.0887669026851654,20.46355635172121,0.8989523073339774,0.28343500703894886,0.0887669026851654,nan,0.0887669026851654,20.46355635172121,0.30042058597792665
example_00150,median,blur_contrast,0.00917564332485199,0.08941985666751862,20.373634766520425,0.8949044102215948,0.25416666666666665,0.08941985666751862,nan,0.0887669026851654,20.46355635172121,0.2788406036492777
example_00150,inpaint_or_denoise,blur_contrast,0.00948064774274826,0.08992394804954529,20.231619895088656,0.8889813726549856,0.23559479553903345,0.08992394804954529,nan,0.0887669026851654,20.46355635172121,0.21473122409852732
example_00150,nl_means_denoise,blur_contrast,0.00948064774274826,0.08992394804954529,20.231619895088656,0.8889813726549856,0.23559479553903345,0.08992394804954529,nan,0.0887669026851654,20.46355635172121,0.21473122409852732
